13152,179.28,-2.70,-3.37,0.2201,-9.1932,4.2257
13175,178.86,-5.32,-6.65,0.2632,-9.2172,4.1061
13199,178.70,-7.79,-9.78,0.2584,-9.3272,4.2784
13223,178.78,-10.07,-12.74,0.2680,-9.2172,4.2209
13247,179.02,-12.12,-15.59,0.2345,-9.2172,4.2927
13271,179.41,-13.94,-18.28,0.2201,-9.3177,4.2162
13294,179.89,-15.50,-20.84,0.1771,-9.1406,4.3119
13319,180.46,-16.85,-23.27,0.1531,-9.2028,4.1396
13342,181.07,-17.97,-25.51,0.1101,-9.1693,4.2975
13366,181.72,-18.97,-27.67,0.0814,-9.4421,4.1492
13390,182.36,-19.85,-29.58,0.0574,-8.9779,4.1539
13414,183.01,-20.56,-31.43,0.0622,-9.8393,4.3693
13437,183.66,-21.13,-33.09,0.0287,-9.2889,4.0008
13461,184.29,-21.64,-34.71,0.0191,-9.6096,4.2257
13486,184.90,-22.12,-36.11,-0.0144,-9.0592,4.0726
13509,185.48,-22.52,-37.47,-0.0335,-9.0688,4.1348
13533,186.04,-22.90,-38.64,-0.0622,-9.0784,4.2257
13557,186.61,-23.19,-39.83,-0.0287,-9.3416,4.0056
13581,187.15,-23.53,-40.89,-0.0191,-9.2315,4.2066
13604,187.70,-23.86,-41.93,0.0191,-9.3464,3.9769
13628,188.21,-24.14,-42.83,0.0526,-9.3512,4.1300
13652,188.75,-24.44,-43.77,0.1005,-9.4516,3.9242
13676,189.25,-24.72,-44.57,0.1244,-9.1837,3.9721
13700,189.76,-24.93,-45.38,0.1531,-9.4134,3.8812
13724,190.26,-25.22,-46.12,0.2058,-9.3224,3.9099
13748,190.77,-25.48,-46.88,0.2249,-9.4325,3.7998
13771,191.28,-25.77,-47.59,0.2489,-9.3559,3.7567
13796,191.81,-26.04,-48.30,0.2154,-9.5856,3.6514
13819,192.34,-26.30,-48.96,0.2058,-9.8632,3.7567
13843,192.85,-26.59,-49.47,0.2871,-8.8965,3.5174
13867,193.39,-26.80,-50.17,0.2680,-9.8824,3.5079
13891,193.95,-27.06,-50.81,0.2345,-9.9015,3.3739
13915,194.52,-27.26,-51.44,0.1484,-11.7775,3.8429
13938,195.07,-27.48,-51.56,0.1340,-8.7194,3.1250
13963,195.60,-27.62,-52.02,0.0431,-10.0020,3.5749
13986,196.14,-27.66,-52.58,-0.0574,-9.9206,3.2351
14010,196.66,-27.72,-53.00,-0.1244,-9.6622,3.3882
14033,197.22,-27.81,-53.47,-0.2010,-9.6909,3.1920
14058,197.76,-27.88,-53.81,-0.2680,-9.5474,3.3547
14082,198.29,-27.95,-54.12,-0.2824,-9.9733,3.5031
14105,198.82,-27.98,-54.39,-0.2536,-9.4229,3.2590
14130,199.35,-28.07,-54.58,-0.1723,-9.6622,3.4983
14153,199.89,-28.16,-54.78,-0.1101,-9.6191,3.3595
14177,200.39,-28.22,-54.91,-0.0144,-9.5234,3.5366
14200,200.94,-28.35,-55.09,0.0574,-9.6048,3.4265
14225,201.44,-28.46,-55.19,0.1484,-9.4899,3.6323
14248,201.95,-28.57,-55.35,0.1866,-9.5091,3.5701
14272,202.48,-28.68,-55.49,0.2728,-9.5521,3.4792
14297,203.00,-28.80,-55.57,0.3063,-9.5521,3.6467
14320,203.53,-28.92,-55.72,0.3541,-9.6048,3.5270
14344,204.03,-28.98,-55.82,0.3254,-9.5282,3.6467
14367,204.55,-29.07,-55.97,0.3254,-9.4469,3.5605
14392,205.08,-29.14,-56.10,0.2967,-9.4469,3.6084
14415,205.61,-29.21,-56.29,0.2393,-9.4947,3.5797
14439,206.15,-29.26,-56.46,0.1962,-9.4708,3.5797
14462,206.66,-29.28,-56.62,0.1340,-9.3799,3.6562
14487,207.20,-29.27,-56.80,0.0909,-9.5234,3.5844
14511,207.73,-29.25,-56.97,0.0479,-9.3416,3.5414
14534,208.26,-29.23,-57.12,0.0335,-9.5282,3.7184
14559,208.82,-29.23,-57.32,-0.0144,-9.5474,3.6179
14582,209.36,-29.21,-57.48,-0.0431,-9.5569,3.6467
14606,210.02,-29.19,-57.92,-0.0526,-13.3711,3.8620
14629,210.64,-29.17,-57.57,-0.0239,-10.5858,3.6562
14654,211.24,-29.16,-56.75,0.0048,-9.9254,3.6897
14678,211.90,-29.16,-55.94,0.0814,-8.4179,2.9145
14701,212.28,-29.03,-55.13,0.1101,-7.7815,4.2688
14726,212.82,-28.95,-55.15,0.2058,-10.0594,4.2162
14749,213.05,-28.90,-54.57,0.4451,-7.0445,4.6947
14773,213.34,-28.99,-55.53,0.8853,-7.2072,4.2592
14796,213.96,-28.67,-56.91,-0.7178,-8.2983,2.6800
14821,213.53,-28.89,-56.13,0.4786,-3.1968,5.0058
14844,214.04,-28.86,-56.20,0.2919,-11.9258,5.0010
14868,214.19,-28.79,-56.08,0.1340,-7.2168,5.2834
14893,214.36,-28.61,-56.02,-0.2680,-9.9733,7.0014
14916,214.76,-28.49,-56.13,-0.0718,-10.4901,5.3551
14940,215.28,-28.39,-56.78,-0.1244,-17.6207,7.1593
14964,215.87,-28.34,-57.05,0.0335,-14.0554,5.1876
14988,216.25,-28.23,-57.27,-0.0144,-9.5952,4.8096
15011,216.81,-28.14,-57.40,0.0526,-12.8255,4.7521
15035,217.40,-28.04,-57.74,-0.2584,-15.0174,5.1829
15059,217.99,-27.98,-57.92,0.0574,-12.8016,4.3741
15083,218.60,-28.01,-57.99,0.4738,-11.4473,3.8477
15107,219.26,-27.93,-58.14,0.0766,-14.1224,4.2257
15131,219.83,-27.80,-57.81,-0.1053,-8.5711,3.1011
15155,220.52,-27.63,-58.01,-0.2632,-13.2515,3.6036
15178,221.19,-27.54,-57.42,0.0287,-9.9111,2.8187
15202,221.87,-27.49,-57.14,0.0766,-9.9589,3.1442
15226,222.61,-27.37,-57.23,-0.0239,-9.6287,2.3737
15250,223.47,-27.35,-57.62,0.3063,-13.4812,2.1918
15273,224.44,-27.50,-57.56,1.1342,-15.3619,1.3591
15298,223.23,-29.05,-52.68,0.5025,1.0624,1.9908
15322,221.92,-31.03,-49.90,1.0528,0.9906,1.6223
15345,222.17,-30.11,-53.01,-0.4355,-7.7671,4.6469
15369,223.44,-30.04,-58.59,0.6796,-12.2560,-3.1346
15393,223.94,-29.47,-62.07,0.1962,-17.5681,4.7378
15417,224.72,-29.18,-64.66,0.4068,-20.0088,1.4022
15440,225.04,-28.80,-66.15,0.2632,-18.6353,6.4941
15465,225.43,-28.52,-66.36,-0.1914,-11.8062,3.9290
15489,225.76,-28.21,-67.65,-0.3589,-12.2178,4.7378
15512,226.36,-28.01,-68.94,-0.1436,-9.5761,1.8138
15537,225.84,-27.95,-68.06,-0.3254,-2.0626,3.1394
15560,225.38,-27.89,-69.28,-0.2393,-2.9384,3.7711
15584,226.62,-27.76,-75.42,-0.1723,-1.1007,-0.3063
15607,228.39,-28.19,-84.09,-0.1340,-1.0050,-0.8853
15632,230.65,-30.33,-95.29,-0.2297,3.6419,-8.5807
15655,233.57,-31.58,-109.39,-0.4881,-2.7948,-11.5765
15679,236.84,-32.56,-124.19,-0.2249,-3.9625,-14.9791
15704,240.12,-32.71,-138.44,-0.2441,-5.1781,-15.6108
15727,243.03,-32.04,-151.71,-1.0672,-3.8477,-14.9551
15752,245.02,-30.81,-161.92,-0.3398,-5.0058,-12.1986
15775,246.42,-28.96,-171.47,-0.3206,-2.1535,-10.6624
15800,246.77,-27.14,-177.59,-0.2154,-6.0443,-8.7194
15823,248.70,-25.41,173.48,0.0861,7.5135,-5.0584
15847,249.01,-23.33,167.24,0.1914,-0.2297,-4.3406
15872,248.56,-22.80,165.99,-0.0287,-8.3462,2.9097
15895,250.08,-22.22,161.78,1.0050,8.1308,8.5328
15919,250.98,-22.27,158.83,1.1390,0.6173,8.0399
15943,252.15,-22.13,156.50,1.3543,3.1872,11.8684
15967,253.68,-21.40,154.51,0.6939,9.1789,10.4231
15990,255.00,-20.99,152.52,0.6700,4.6134,12.9404
16015,256.05,-20.87,151.30,1.0433,0.1579,12.8877
16038,257.16,-20.67,150.42,0.8279,0.4738,12.9595
16062,258.29,-20.49,150.25,0.8806,0.3685,13.1222
16087,259.72,-20.11,149.45,0.8040,4.0104,13.0409
16110,261.01,-19.82,149.03,0.6700,1.9190,13.0552
16135,262.33,-19.53,148.71,0.6413,1.7707,12.7011
16158,263.51,-19.35,149.04,0.3972,-1.2730,12.6102
16182,265.00,-18.95,148.69,0.2297,3.5414,12.1268
16206,266.39,-18.69,148.63,0.4642,2.3402,12.1843
16230,267.80,-18.49,148.73,0.4642,1.4261,11.3659
16254,269.32,-18.24,148.53,0.4738,2.7805,11.7296
16278,270.85,-18.10,148.44,0.6365,1.5362,10.2556
16302,272.47,-18.06,148.16,0.8806,1.7515,9.3177
16326,274.11,-18.13,147.69,1.0433,1.6941,7.9202
16350,275.74,-18.31,147.25,0.9332,0.7657,6.9440
16374,277.44,-18.52,146.67,0.7944,0.6556,6.1831
16398,278.98,-18.87,146.71,0.6221,-0.7178,5.1446
16421,280.69,-19.16,146.47,0.4977,-0.0383,5.0058
16446,282.37,-19.46,146.29,0.3685,-0.2058,4.8144
16470,283.66,-19.81,147.47,0.0861,-3.0245,5.9486
16493,284.79,-20.21,149.76,0.0861,-3.9386,6.3553
16518,286.28,-20.53,151.30,0.1292,-0.8088,7.8580
16541,287.77,-20.95,153.05,0.3637,-1.2586,8.7529
16565,289.56,-21.24,154.05,0.3637,1.0816,9.9015
16589,291.37,-21.61,155.02,0.5695,1.2682,11.0596
16613,293.16,-22.08,156.09,0.6796,0.7274,11.3133
16637,295.04,-22.58,157.07,0.7274,1.6080,11.7488
16661,296.98,-23.08,157.86,0.7131,2.3976,11.6195
16685,298.95,-23.65,158.53,0.6796,2.2923,11.9833
16709,300.95,-24.22,158.95,0.5073,2.5077,10.8778
16733,302.99,-24.82,159.21,0.3924,2.3880,10.4471
16757,304.91,-25.54,159.70,0.3254,1.2108,10.8921
16781,307.07,-26.21,159.77,0.3589,2.8379,9.8393
16804,309.08,-27.05,160.02,0.4211,1.5075,10.0259
16829,311.23,-27.89,159.95,0.5025,2.5603,9.7723
16852,313.32,-28.84,160.01,0.4403,1.5314,10.1886
16876,315.46,-29.84,160.00,0.4020,1.6654,9.6670
16901,317.61,-30.90,160.15,0.3254,1.4261,9.9541
16924,319.85,-31.99,160.25,0.2536,1.7994,9.6861
16948,322.05,-33.16,160.68,0.1675,1.0959,10.1982
16972,324.30,-34.40,161.24,0.2632,1.3687,9.9733
16996,326.54,-35.73,162.23,0.1340,0.7992,10.2796
17019,329.20,-37.01,163.03,0.4307,3.0150,9.7149
17044,332.00,-38.32,163.78,0.3829,3.4409,9.5186
17068,335.02,-39.57,164.22,0.4211,4.6373,9.4516
17091,338.12,-40.99,164.62,0.5456,3.9099,9.1597
17116,341.52,-42.28,164.88,0.3924,4.8239,8.3797
17139,345.33,-43.39,164.68,0.7178,6.3745,7.5757
17164,349.34,-44.41,164.26,0.5743,6.6951,7.1498
17187,353.58,-45.28,163.42,0.5360,6.6664,6.0826
17211,357.94,-46.06,162.64,0.4834,6.7190,5.8098
17235,2.58,-46.43,161.51,0.3111,7.4273,4.5799
17259,6.98,-47.23,160.77,0.2824,3.9482,3.9434
17283,11.76,-47.06,160.75,0.2106,2.8235,0.9906
17306,15.24,-45.20,163.33,0.1340,1.5888,-1.0241
17331,14.32,-43.69,173.34,0.0239,-4.6086,-4.7139
17354,14.47,-41.40,-174.33,-0.1531,-8.3222,-16.5775
17378,14.91,-39.02,-160.08,-0.1292,-13.0792,-26.7183
17402,15.89,-36.74,-142.86,-0.6891,-10.6624,-39.2040
17426,16.83,-35.86,-128.36,0.3063,28.9867,-39.2040
17451,16.47,-36.54,-117.94,0.3876,9.6287,-1.4070
17474,16.30,-35.92,-110.59,1.4405,7.6044,-17.4532
17498,14.02,-36.77,-102.93,0.8806,36.3948,6.4223
17522,10.33,-34.31,-98.87,-0.9093,-17.2810,6.9248
17546,6.12,-33.69,-93.29,-0.1723,0.7370,7.7192
17569,3.66,-31.25,-89.77,-0.0718,-20.6405,5.0010
17593,0.78,-31.44,-82.72,-0.4116,9.2842,6.5611
17617,358.27,-29.09,-78.57,-0.4929,-5.4748,4.7330
17641,356.93,-26.88,-76.71,-0.1531,-11.9498,1.6128
17665,355.05,-24.93,-73.52,-0.0287,-6.3075,5.1254
17689,354.13,-22.99,-71.97,-0.5264,-16.1085,1.6080
17713,352.35,-21.48,-67.76,0.4786,-7.3029,9.8584
17736,351.95,-20.03,-67.58,0.3254,-15.1705,-1.7180
17761,350.63,-18.57,-64.49,0.1819,-11.2989,11.7727
17784,350.32,-17.40,-64.26,0.4068,-9.4851,-0.7896
17808,349.17,-16.12,-62.07,0.2776,-8.1739,8.9444
17832,348.55,-14.82,-61.69,-0.1531,-10.2987,3.7376
17856,347.82,-13.73,-60.71,0.5168,-12.2178,7.2455
17880,347.23,-12.68,-60.22,0.3302,-10.9687,5.4843
17903,346.88,-11.78,-60.67,0.4546,-15.7735,1.6702
17928,346.37,-10.95,-60.27,0.7322,-13.7827,6.2740
17951,346.04,-10.15,-60.84,0.5503,-16.1420,1.7946
17975,345.54,-9.33,-60.46,0.4068,-13.7109,5.2116
17999,345.18,-8.56,-60.95,0.2393,-12.0359,0.7896
18023,344.69,-7.81,-60.52,0.3159,-12.5145,5.7523
18046,344.36,-7.11,-61.19,0.0526,-13.2562,1.2682
18070,343.85,-6.43,-60.40,0.1196,-9.6239,5.5848
18094,343.49,-5.81,-60.84,0.0957,-12.5910,2.2588
18118,343.03,-5.18,-60.46,-0.0096,-12.2560,6.0299
18142,342.62,-4.56,-60.71,-0.1819,-11.1553,2.5842
18165,342.19,-3.89,-60.46,-0.4690,-7.9537,3.0389
18189,341.82,-3.35,-60.62,-0.2824,-10.9591,2.8953
18212,341.55,-3.06,-62.54,0.3781,-12.8495,-4.3310
18237,341.15,-2.58,-63.40,-0.2058,-8.8247,-0.9667
18260,340.67,-1.87,-63.49,-0.5121,-4.6995,1.8281
18284,340.22,-1.46,-64.13,-0.1914,-14.4000,6.1926
18308,339.83,-1.20,-65.12,0.1388,-8.6477,0.4211
18331,339.37,-0.91,-64.57,0.1579,-11.9641,6.7238
18356,338.97,-0.75,-64.92,0.4020,-10.6624,2.6465
18379,338.53,-0.54,-65.03,0.2058,-12.9882,6.6138
18403,338.18,-0.37,-65.46,0.0479,-9.3272,2.0291
18426,337.78,-0.21,-65.40,0.1484,-10.5332,4.2209
18450,337.41,-0.11,-65.94,0.2824,-10.5811,2.3833
18475,337.02,0.01,-65.96,0.1962,-11.2271,4.0534
18498,336.65,0.08,-66.33,0.3159,-10.9113,2.5938
18522,336.30,0.14,-66.18,0.2728,-9.9015,3.8046
18545,335.95,0.19,-66.18,0.3254,-10.9304,4.0343
18569,335.59,0.26,-66.12,0.2345,-10.3370,3.6658
18593,335.22,0.32,-65.96,0.3254,-9.7771,3.9577
18617,334.90,0.36,-66.43,0.2680,-10.0116,2.0052
18640,334.53,0.46,-66.34,0.1196,-10.2365,4.0391
18664,334.19,0.56,-66.68,0.0814,-10.2221,2.0148
18688,333.88,0.63,-66.32,0.1053,-9.8871,4.5942
18711,333.57,0.76,-66.57,-0.0766,-9.3081,1.7228
18736,333.29,0.98,-66.41,-0.6604,-17.3097,6.6377
18759,333.02,1.10,-66.84,0.1819,-11.9880,0.7801
18783,332.78,2.01,-64.12,-1.3304,-1.9190,4.9531
18806,332.56,2.24,-64.65,-0.7848,-16.6253,4.6277
18830,332.39,2.44,-61.79,-1.3113,-5.9198,11.2798
18854,332.23,4.76,-61.54,-1.4644,-1.0098,-0.0335
18878,332.12,4.69,-60.81,-0.2632,-7.0158,4.5320
18902,332.01,4.78,-60.42,-0.7561,-7.4560,3.8764
18925,331.92,4.66,-59.78,-0.2345,-8.7099,5.8289
18949,331.83,4.14,-59.65,0.8710,-6.8770,4.0965
18972,331.66,4.00,-60.32,0.0383,-12.2848,3.7041
18996,331.54,3.90,-60.36,-0.1149,-10.2030,4.2018
19020,331.39,3.72,-60.93,0.2441,-10.2796,3.4026
19044,331.23,3.52,-61.02,0.3876,-9.9206,4.1683
19067,331.06,3.33,-61.35,0.3398,-9.7005,3.2542
19091,330.85,3.18,-61.48,0.3589,-10.2796,4.1492
19115,330.70,3.00,-61.39,0.3206,-7.9872,3.6897
19138,330.52,2.87,-61.54,0.3159,-10.6002,4.1922
19163,330.40,2.70,-61.33,0.3111,-8.2696,3.9769
19186,330.20,2.60,-61.16,0.2345,-9.6239,4.3837
19210,330.01,2.53,-60.92,0.1531,-8.5950,3.8907
19233,329.81,2.46,-60.76,0.1531,-9.8871,4.5655
19257,329.65,2.40,-60.60,0.1053,-8.9539,4.2688
19280,329.49,2.34,-60.40,0.0718,-9.3751,4.6229
19304,329.28,2.31,-60.13,0.0718,-9.0162,4.5846
19329,329.12,2.31,-59.87,-0.0622,-9.0879,4.7617
19352,328.99,2.28,-59.60,-0.0957,-9.0209,4.9053
19376,328.83,2.29,-59.46,-0.1436,-9.0879,4.4554
19399,328.65,2.31,-59.08,-0.1292,-8.9109,5.2403
19423,328.53,2.30,-58.87,-0.1292,-8.5759,4.7665
19446,328.41,2.26,-58.64,-0.0574,-9.1167,5.2499
19470,328.26,2.24,-58.31,-0.0191,-8.3845,5.0967
19493,328.14,2.20,-58.12,-0.0239,-8.9970,5.3264
19518,328.02,2.15,-57.77,0.0574,-8.1069,5.4030
19542,327.89,2.09,-57.64,0.0909,-8.9300,5.4030
19565,327.77,2.00,-57.46,0.1579,-8.6381,5.4700
19589,327.66,1.91,-57.41,0.1484,-8.9061,5.3025
19612,327.56,1.82,-57.24,0.1962,-8.6716,5.4939
19636,327.45,1.74,-57.17,0.1962,-8.7434,5.3408
19659,327.30,1.66,-57.07,0.2584,-8.6716,5.4843
19684,327.19,1.59,-57.03,0.2010,-8.4275,5.4939
19707,327.09,1.49,-57.11,0.2536,-8.5184,5.4413
19731,326.97,1.41,-57.30,0.2919,-9.7196,5.3839
19755,326.87,1.31,-57.33,0.2584,-8.3270,5.0345
19778,326.77,1.22,-57.42,0.2967,-8.8056,5.5226
19802,326.67,1.14,-57.65,0.2632,-8.9252,4.8957
19825,326.58,1.06,-57.81,0.3254,-9.0832,5.2929
19850,326.49,0.98,-58.06,0.2824,-8.9587,4.8526
19873,326.38,0.87,-58.24,0.4211,-8.7817,4.9819
19897,326.29,0.81,-58.57,0.2201,-9.3320,4.9196
19920,326.21,0.72,-58.71,0.3206,-7.3890,4.4124
19944,326.11,0.68,-59.37,0.2249,-8.4802,4.5559
19968,326.00,0.66,-60.28,0.2106,-10.1599,4.2927
19991,325.88,0.65,-60.81,0.1627,-9.5809,4.1922
20016,325.77,0.62,-61.35,0.1866,-8.5089,3.8859
20039,325.65,0.62,-62.21,0.1388,-10.1216,3.8429
20063,325.55,0.61,-62.78,0.1531,-10.7294,3.9482
20086,325.46,0.58,-63.08,0.1771,-9.5904,3.7424
20110,325.32,0.58,-63.51,0.1388,-9.4899,3.4935
20133,325.21,0.59,-63.81,0.1005,-10.7198,3.7376
20158,325.12,0.55,-63.77,0.2441,-10.5380,4.2975
20182,325.01,0.45,-63.97,0.4881,-9.9111,3.2973
20205,324.89,0.44,-64.21,0.2106,-11.2176,3.9338
20229,324.78,0.42,-64.13,0.1771,-9.0353,3.9482
20252,324.66,0.44,-64.23,0.1005,-9.8489,4.0534
20276,324.53,0.46,-64.11,0.1196,-9.8010,4.5272
20300,324.44,0.54,-64.14,-0.2489,-10.0164,3.8859
20324,324.35,0.60,-64.02,-0.1484,-9.4564,3.7232
20347,324.17,0.60,-66.19,1.0576,-23.8804,5.6566
20371,324.06,0.68,-66.08,-0.2154,-8.7721,5.8576
20395,323.99,0.82,-66.56,-0.5503,-10.7486,4.7617
20418,323.93,0.82,-66.20,-0.1101,-9.8106,4.4363
20443,323.85,0.82,-66.75,-0.0383,-15.3619,4.4985
20466,323.82,0.78,-67.21,-0.0048,-13.0696,4.4459
20490,323.75,0.75,-67.51,0.0814,-10.9113,3.5749
20513,323.68,0.72,-67.60,0.1005,-13.8975,6.2309
20537,323.67,0.65,-67.88,0.1771,-12.4140,4.1444
20561,323.62,0.55,-68.01,0.3924,-14.3521,5.2834
20585,323.59,0.43,-67.89,0.4068,-14.1368,3.7902
20609,323.53,0.28,-67.77,0.5743,-10.8060,3.3260
20632,323.48,0.22,-67.62,0.2776,-12.9452,3.7424
20656,323.43,0.14,-67.06,0.3924,-14.0267,2.7374
20680,323.42,0.03,-65.88,0.4355,-12.7011,3.3978
20704,323.37,-0.09,-64.51,0.2824,-5.8385,2.0770
20727,323.27,-0.11,-64.29,0.2919,-8.2935,2.8283
20751,323.21,-0.09,-64.30,0.0909,-6.9775,2.0674
20774,323.08,-0.02,-64.81,0.1101,-10.8203,2.7613
20799,322.91,0.11,-66.61,0.0335,-10.5667,-0.2919
20823,322.77,0.21,-65.92,0.1101,9.1932,2.1488
20846,322.70,0.38,-72.83,-0.4451,-35.7440,4.6612
20870,322.66,0.54,-75.68,-0.8949,-13.0600,-8.2887
20893,322.64,0.56,-76.56,-0.2345,-22.6217,10.0451
20918,322.60,0.57,-78.36,-0.2536,-15.7256,-5.8720
20941,322.53,0.52,-77.75,0.4307,-20.4012,8.4467
20965,322.51,0.57,-78.91,-0.2441,-10.3179,-2.7230
20988,322.48,0.57,-78.78,0.0431,-11.2750,7.8389
21013,322.48,0.62,-80.19,-0.1579,-7.6522,-1.0720
21037,322.45,0.65,-80.42,-0.0622,-9.9159,5.9629
21060,322.50,0.66,-80.12,-0.0766,-4.2544,4.0917
21084,322.62,0.56,-81.23,0.0526,-1.6080,2.5603
21107,322.85,0.42,-84.97,0.0574,-3.3547,1.9813
21131,323.13,0.39,-93.63,-0.0766,7.6810,-5.9964
21154,323.73,0.35,-106.90,-0.1244,0.0861,-10.1934
21179,324.61,0.26,-121.75,0.2871,0.3541,-19.0564
21202,325.87,0.26,-135.18,-0.0479,-13.5434,-17.1135
21226,327.48,0.27,-147.68,0.5551,0.0861,-15.4433
21250,329.07,0.27,-159.94,0.2680,-4.2257,-17.7500
21274,330.69,0.16,-167.48,0.0287,-11.8158,-9.5091
21298,332.20,-0.18,-172.16,0.3733,-5.5896,-4.3406
21321,333.60,-0.51,179.74,0.2919,4.0534,-3.0102
21345,334.86,-1.05,175.75,0.5982,-5.1829,-5.1781
21369,336.00,-1.37,172.12,-0.0431,-4.7426,-3.9864
21393,337.19,-2.17,164.61,0.9284,4.9005,3.1394
21416,338.48,-2.66,160.72,0.2345,4.2736,9.4229
21440,339.84,-3.29,156.65,1.0098,9.4516,9.1932
21465,341.24,-3.84,152.42,0.4116,6.4750,12.4714
21488,342.40,-4.56,151.59,1.2682,-33.4899,25.9047
21512,343.64,-5.21,151.51,1.2347,16.8263,8.7434
21535,345.05,-5.95,150.23,0.8471,2.1009,16.9651
21560,346.55,-6.64,148.17,0.7418,5.7667,14.2277
21583,347.99,-7.42,147.76,0.5695,-0.9141,13.1797
21607,349.53,-8.13,146.04,0.5791,4.2305,10.1743
21632,350.95,-9.00,145.88,0.4977,-2.7565,13.2084
21655,352.44,-9.83,145.75,0.5503,3.7902,10.8156
21679,354.09,-10.66,144.83,0.8136,4.9436,13.6343
21702,355.83,-11.48,143.34,0.7418,4.8718,13.4381
21727,357.61,-12.44,141.63,0.9332,2.4981,12.9882
21750,359.46,-13.36,139.82,0.8423,2.9815,12.5480
21774,1.40,-14.31,138.11,0.7609,2.3880,11.0453
21798,3.42,-15.25,136.11,0.8183,2.9575,10.1504
21822,5.48,-16.20,134.06,0.5791,1.9956,9.2602
21846,7.65,-17.12,131.61,0.6221,2.2493,9.3272
21869,9.88,-18.00,129.08,0.3733,1.3496,7.4847
21894,12.22,-18.83,126.02,0.3733,1.4357,6.4845
21917,14.65,-19.69,122.63,0.4403,1.1007,5.1829
21941,16.91,-20.72,119.72,0.1340,-1.0768,4.4267
21965,19.39,-21.50,116.52,0.0909,-0.0814,3.8620
21989,21.92,-22.31,113.27,0.1723,-0.2010,3.6275
22012,24.49,-22.89,109.86,0.0144,-0.1340,4.1109
22036,26.77,-23.88,107.41,-0.0191,-3.4265,5.6279
22061,29.39,-24.43,105.04,0.0000,-0.3302,8.0782
22084,31.91,-25.04,102.97,-0.1723,-2.4837,8.6094
22108,34.54,-25.30,101.05,0.1436,-0.3876,11.3707
22132,37.16,-25.46,98.67,0.3781,0.1914,11.7200
22156,39.74,-25.56,96.11,0.6891,0.3398,11.7583
22179,42.25,-25.30,93.56,0.0096,1.7037,12.8782
22203,44.56,-24.80,91.49,0.9045,4.2544,9.4708
22227,46.86,-24.41,88.85,0.4116,2.5747,11.5095
22251,49.02,-23.98,86.08,0.4738,2.1775,10.3801
22275,51.02,-23.45,83.27,0.5886,3.0915,11.2080
22299,52.93,-22.95,80.40,0.5934,1.9573,10.5045
22323,54.76,-22.54,77.32,0.4834,0.4116,10.6433
22346,56.32,-21.83,74.80,0.4642,2.9575,10.2700
22370,57.85,-21.19,72.18,0.2967,1.5075,9.8871
22394,59.13,-20.46,69.84,0.3398,2.5986,9.6718
22418,60.37,-19.81,67.30,0.1388,1.1342,9.5809
22441,61.40,-19.08,65.17,0.2010,2.4598,9.7053
22465,62.41,-18.45,62.88,0.1627,1.1868,9.7914
22490,63.16,-17.74,61.41,0.3398,3.4122,9.9159
22513,63.88,-17.22,59.56,0.3637,1.6750,9.8393
22537,64.48,-16.71,58.11,0.4211,2.2445,10.4231
22560,64.90,-16.17,57.23,0.5073,4.0487,9.7627
22585,65.35,-15.81,56.06,0.6987,2.3641,10.1982
22608,65.57,-15.34,55.77,0.4546,4.7713,9.5139
22632,65.86,-15.04,55.04,0.6843,3.0437,9.5809
22656,65.94,-14.73,55.13,0.7992,5.5466,9.7627
22680,66.04,-14.50,55.00,0.8136,4.4172,9.1119
22704,66.00,-14.27,55.35,0.7992,5.9486,9.0114
22727,66.06,-14.11,55.30,0.7513,4.0247,9.1310
22751,66.12,-14.01,55.62,0.6700,2.9001,8.1595
22774,65.98,-13.95,57.46,0.6556,3.8285,6.5755
22798,65.68,-13.87,60.47,0.6843,5.4078,6.1113
22822,65.32,-13.80,63.90,0.5121,4.5320,4.5511
22846,64.78,-13.84,68.71,0.3924,3.0676,2.3928
22870,63.64,-15.43,76.17,0.3685,-1.4931,-1.1964
22893,61.81,-16.03,88.23,0.2297,-0.5791,-7.6570
22917,59.58,-16.44,102.07,-0.0479,-2.6082,-12.6054
22941,56.91,-16.66,117.94,-0.3589,-10.6098,-19.2574
22965,53.31,-15.89,139.48,-1.2012,-19.6690,-38.2373
22989,50.64,-14.09,157.22,-1.5984,34.8156,-38.0076
23013,48.60,-12.48,164.81,-4.2544,17.8648,-4.7569
23036,45.87,-11.36,174.30,-0.5647,-12.7681,-18.9942
23060,44.23,-10.87,177.93,0.4259,31.7767,-5.4078
23085,41.50,-10.47,-179.36,-0.4929,-17.5777,-7.2168
23108,39.75,-11.12,177.64,1.0816,4.7665,-0.2728
23132,37.19,-11.48,178.72,-0.3159,-10.5380,13.3567
23155,34.60,-11.40,-177.35,-0.2584,-5.2546,1.4548
23180,32.21,-11.83,-174.71,-0.0766,-4.9723,9.7244
23203,29.69,-11.46,-170.98,-0.0622,-6.1065,-3.1633
23227,27.13,-11.92,-169.03,-0.1627,-6.3936,9.2650
23250,24.45,-11.91,-165.68,-0.0622,-16.4148,0.9284
23275,21.69,-12.26,-162.82,0.4786,-14.9551,8.1643
23299,18.92,-12.36,-159.88,0.2536,-16.4770,2.2636
23322,16.06,-12.64,-156.93,0.5121,-20.6740,10.0211
23346,13.24,-12.70,-153.40,0.4594,-22.1336,3.2590
23370,10.33,-12.99,-150.42,0.7418,-18.8937,9.3799
23394,7.35,-13.24,-147.26,0.6126,-14.3569,7.8676
23417,4.35,-13.50,-144.06,1.1916,-17.5011,9.5043
23441,1.35,-13.63,-140.65,1.1198,-17.1135,7.8054
23465,358.45,-13.50,-137.45,0.8710,-20.0279,3.5557
23489,355.50,-13.38,-133.90,0.5599,-15.4768,6.2931
23513,352.69,-13.00,-130.86,0.1675,-14.3378,1.5362
23536,349.83,-12.76,-127.85,0.2201,-14.5101,5.0106
23561,347.19,-12.32,-125.44,-0.1436,-13.1845,0.8901
23584,344.54,-12.01,-122.09,-0.3015,-9.8824,4.9819
23608,342.01,-11.42,-119.43,-0.1866,-8.6955,1.7611
23632,339.46,-10.84,-117.93,-0.0526,-9.0305,3.3069
23656,337.17,-10.20,-117.34,0.1340,-10.8778,0.5982
23680,334.94,-9.70,-115.57,0.4355,-10.9591,3.1250
23703,332.90,-9.10,-113.84,0.2393,-8.1882,1.2443
23728,330.92,-8.56,-111.77,0.2201,-8.3701,3.3069
23751,329.13,-7.95,-110.20,0.1531,-8.0638,2.1105
23775,327.46,-7.40,-108.17,0.3063,-10.1791,3.2447
23798,325.81,-6.69,-105.53,-0.1196,-5.0919,2.9958
23822,324.29,-5.96,-103.45,-0.2536,-3.5749,2.9958
23846,322.99,-5.21,-102.29,-0.4355,-8.2840,3.8859
23870,321.84,-4.53,-101.07,-0.5025,-7.7623,3.1537
23894,320.79,-3.90,-99.71,-0.4786,-8.6859,3.5797
23917,319.88,-3.31,-98.07,-0.4307,-6.9583,3.0772
23941,319.04,-2.80,-96.41,-0.4020,-6.8291,3.8620
23965,318.31,-2.30,-95.00,-0.3924,-6.1639,3.0293
23989,317.70,-1.86,-93.73,-0.4211,-6.7286,3.6419
24012,317.16,-1.49,-92.58,-0.3206,-7.2646,3.1346
24036,316.69,-1.21,-91.63,-0.1771,-7.7527,3.6036
24059,316.29,-0.91,-90.78,-0.3829,-8.5711,3.4074
24084,315.99,-0.66,-89.73,-0.4020,-9.2315,3.6945
24108,315.73,-0.44,-88.63,-0.4307,-10.1169,4.5368
24131,315.51,-0.13,-87.50,-0.8327,-9.7771,4.9244
24155,315.34,-0.08,-86.37,0.0574,-9.1358,4.1061
24178,315.22,0.00,-85.93,-0.1723,-11.1410,3.2686
24202,315.13,-0.02,-85.12,0.1962,-10.6146,3.9817
24226,315.03,0.03,-84.43,0.0096,-10.7916,3.3021
24250,314.96,0.01,-83.65,0.1819,-11.0644,4.2832
24273,314.91,-0.07,-83.06,0.4020,-9.5521,2.8427
24297,314.88,-0.11,-82.50,0.3589,-12.4427,4.3167
24321,314.87,-0.17,-82.24,0.3206,-9.6718,2.6177
24345,314.88,-0.21,-81.95,0.2345,-11.5525,4.0534
24369,314.93,-0.21,-81.93,0.0718,-11.5238,2.5172
24392,314.92,-0.20,-81.32,0.1436,-11.0548,5.1733
24416,314.98,-0.17,-81.51,0.0144,-13.7539,0.1866
24439,315.04,-0.05,-80.81,-0.2919,-8.3557,1.5649
24464,315.09,0.02,-80.42,-0.1579,-11.9402,2.9815
24487,315.14,0.08,-80.07,-0.1340,-11.4760,3.4074
24511,315.20,0.14,-80.15,-0.1436,-9.4660,1.3926
24535,315.26,0.12,-79.89,0.1292,-12.2895,3.8572
24558,315.35,0.05,-79.98,0.1914,-9.6766,1.3591
24583,315.39,-0.01,-79.56,0.2536,-11.9258,3.7950
24606,315.44,-0.09,-79.50,0.2584,-10.6624,1.6845
24630,315.49,-0.18,-79.07,0.2728,-9.3894,2.6991
24653,315.52,-0.22,-78.75,0.1771,-9.3607,2.7565
24677,315.59,-0.30,-78.82,0.2919,-10.5332,2.0195
24700,315.56,-0.37,-78.38,0.4451,-9.9733,3.3500
24725,315.61,-0.43,-78.41,0.2824,-10.4183,2.1631
24749,315.62,-0.39,-78.12,0.1771,-15.1274,5.2403
24772,315.67,-0.48,-78.28,1.4261,-23.7129,1.2921
24796,315.67,-0.31,-77.54,-0.6652,-15.9841,4.0104
24819,315.68,-0.24,-77.63,-0.1244,-5.3073,1.7563
24844,315.72,-0.14,-77.53,-0.4259,-13.9502,4.7952
24867,315.74,-0.10,-76.23,-0.0239,-5.9821,4.3789
24891,315.74,-0.06,-75.78,0.0144,-10.9735,3.1155
24914,315.80,-0.09,-75.36,0.1244,-7.8628,2.9815
24938,315.82,-0.10,-75.25,0.0574,-7.7145,2.6082
24962,315.87,0.13,-75.56,-1.0959,-12.6867,5.0154
24986,315.93,0.03,-75.66,0.2680,-9.5569,2.8857
25010,315.95,-0.10,-75.68,0.3972,-6.7765,2.9958
25033,316.05,-0.18,-76.38,0.2489,-12.3996,1.8233
25057,316.07,-0.21,-76.65,0.1244,-10.8873,2.3689
25080,316.10,-0.15,-76.25,-0.1388,-8.4754,2.8905
25105,316.16,-0.15,-75.91,-0.0574,-8.2983,3.0580
25128,316.21,-0.14,-76.09,-0.0718,-9.8824,2.4503
25152,316.28,-0.16,-76.14,0.0287,-10.5715,2.3498
25176,316.30,-0.17,-76.02,0.0670,-9.1884,2.7039
25199,316.32,-0.18,-76.29,0.0526,-10.1456,2.1488
25223,316.34,-0.19,-76.20,0.0335,-9.8441,2.8475
25247,316.36,-0.21,-76.22,0.0814,-9.6526,2.2684
25271,316.41,-0.26,-76.19,0.1196,-9.8632,2.7948
25294,316.39,-0.26,-76.30,0.1101,-10.1886,2.0530
25318,316.40,-0.30,-76.19,0.1771,-9.5809,2.7278
25341,316.40,-0.33,-76.32,0.1579,-9.9781,2.0770
25365,316.40,-0.37,-76.31,0.1914,-10.0929,2.4455
25390,316.41,-0.40,-76.31,0.1866,-9.9924,2.1440
25413,316.40,-0.44,-76.21,0.2010,-9.5186,2.4742
25437,316.41,-0.48,-76.14,0.1771,-10.0211,2.5125
25460,316.39,-0.51,-75.98,0.2058,-9.5043,2.5651
25484,316.38,-0.53,-75.92,0.1531,-9.6957,2.5603
25507,316.37,-0.56,-75.85,0.1819,-9.7675,2.6417
25532,316.35,-0.57,-75.76,0.1388,-9.6479,2.6704
25555,316.37,-0.60,-75.81,0.1244,-9.1502,2.4503
25579,316.36,-0.59,-75.81,0.0718,-9.7005,2.6800
25603,316.37,-0.59,-75.85,0.0861,-10.1216,2.4790
25626,316.37,-0.58,-75.73,0.0479,-9.8201,2.7565
25651,316.38,-0.56,-76.06,-0.0144,-9.2554,1.0816
25674,316.39,-0.53,-76.03,-0.0526,-11.6339,2.9145
25698,316.38,-0.49,-75.48,-0.0383,-7.3555,2.2828
25721,316.38,-0.51,-75.37,0.1531,-11.8493,2.4024
25745,316.34,-0.59,-74.67,0.3015,-6.6473,3.3643
25768,316.40,0.42,-76.42,-1.6032,-2.9288,-2.8953
25793,316.37,0.62,-75.27,-0.8662,-8.9157,8.1978
25817,316.43,0.27,-74.39,0.9093,-10.1408,2.3641
25840,316.41,0.27,-74.38,0.0479,-19.1330,8.6524
25864,316.47,0.19,-74.02,0.0526,-10.2556,2.7470
25887,316.50,0.19,-73.67,-0.1388,-11.2080,6.0012
25912,316.55,0.11,-73.52,0.1866,-15.0030,5.0393
25935,316.58,-0.01,-73.36,0.4068,-13.7252,4.8383
25959,316.66,-0.15,-73.25,0.2728,-10.7964,3.1585
25982,316.70,-0.22,-73.05,0.1914,-15.5629,6.2836
26006,316.78,-0.32,-73.07,0.2441,-13.5386,3.1872
26031,316.84,-0.39,-72.72,0.0909,-13.4142,4.0678
26054,316.87,-0.44,-71.74,0.1005,-10.9448,2.3593
26078,316.86,-0.47,-71.04,0.0718,-7.2550,3.3547
26101,316.89,-0.44,-70.95,-0.1675,-8.2600,1.0528
26125,316.89,-0.43,-70.53,-0.0622,-10.3561,2.8762
26149,316.91,-0.49,-70.59,0.1196,-10.5906,0.2919
26173,316.93,-0.83,-69.54,3.7759,32.7865,-1.0002
26196,316.78,-0.98,-74.31,1.9143,-38.0363,32.6094
26220,316.93,-0.94,-74.75,-0.3111,13.0840,-39.2040
26244,316.84,-0.76,-76.68,-2.7039,-36.6868,39.1992
26268,316.99,-0.80,-78.21,-0.7466,7.1785,-29.5705
26292,316.86,-1.00,-78.39,0.9476,0.6030,10.2556
26315,317.10,-0.98,-80.49,-1.1629,-2.8762,-21.8034
26339,317.06,-0.83,-79.79,-0.4738,-15.5725,8.3127
26363,317.20,-0.85,-81.63,0.3063,-17.0417,-14.4239
26387,317.22,-0.86,-81.94,0.4259,-22.0283,5.6136
26411,317.30,-0.86,-78.97,0.0622,-11.8923,20.3677
26434,317.40,-0.96,-79.55,0.7609,-18.4247,1.7850
26459,317.44,-0.97,-77.38,0.1819,-12.9643,18.7406
26482,317.57,-0.86,-80.55,-0.5456,-5.4796,-13.4812
26506,317.60,-0.91,-79.22,0.4738,-8.9300,17.4628
26529,317.76,-0.90,-82.16,-0.2249,4.0008,-11.4664
26553,317.83,-0.88,-84.29,-0.0909,-0.8088,11.7966
26577,318.15,-0.98,-90.69,-0.1436,12.4666,-12.8925
26601,318.52,-0.88,-100.97,-0.5695,7.9059,-4.9340
26625,319.52,-0.93,-114.86,-0.2441,8.9635,-21.1047
26648,320.87,-0.86,-130.91,0.0191,2.9862,-22.7845
26673,322.54,-0.68,-145.31,0.0670,-17.2762,-20.5017
26696,324.34,-0.54,-155.50,0.2154,-9.4181,-12.8399
26720,326.13,-0.52,-163.87,0.2824,-5.6279,-10.5380
26744,327.80,-0.41,-173.74,-0.3541,0.3350,-10.5858
26768,329.31,-0.60,-178.09,0.0096,-10.3753,-5.4556
26791,330.81,-0.84,174.42,0.1819,8.6907,-4.4267
26815,332.17,-1.17,167.22,0.0431,-1.5649,-8.0973
26840,333.40,-1.58,163.71,-0.0861,-7.0684,1.0050
26863,334.64,-2.02,160.24,-0.0574,-2.4933,5.2451
26887,335.88,-2.70,154.93,0.7801,4.2879,7.0875
26910,337.08,-3.30,152.56,0.2967,-13.9071,17.2379
26934,337.96,-3.96,155.99,-0.1531,-9.0449,10.4566
26958,339.00,-4.60,155.41,0.4929,0.4451,17.8552
26982,340.18,-5.24,154.36,0.4307,1.0385,13.5051
27005,341.39,-5.88,153.36,0.5647,1.0576,15.4098
27029,342.57,-6.85,153.37,1.2251,-0.7944,10.0738
27054,343.66,-7.69,153.45,1.0098,3.2255,14.6776
27077,344.86,-8.51,153.17,0.9428,4.3502,13.3663
27101,346.18,-9.26,152.78,0.6700,4.0678,14.7063
27125,347.54,-10.07,152.25,0.6843,2.1918,14.4239
27149,348.85,-10.92,151.77,0.3829,0.3398,14.1177
27172,350.29,-11.75,151.11,0.4116,2.4933,13.2658
27196,351.73,-12.58,150.35,0.3781,2.6321,12.0120
27220,353.21,-13.49,149.39,0.5073,2.8379,12.6150
27244,354.73,-14.44,148.43,0.4355,1.8138,12.5192
27269,356.30,-15.41,147.54,0.4259,1.9430,12.2369
27292,357.97,-16.39,146.56,0.4451,2.5077,11.9306
27316,359.71,-17.35,145.39,0.4116,3.0150,12.0742
27340,1.51,-18.41,143.97,0.5216,2.1775,10.6098
27364,3.41,-19.46,142.27,0.5408,2.4742,10.0307
27387,5.32,-20.58,140.58,0.4451,1.2634,9.2411
27412,7.33,-21.68,138.68,0.3637,1.2586,8.1978
27436,9.44,-22.71,136.54,0.2824,1.3448,7.1689
27459,11.68,-23.72,134.15,0.2106,1.1773,6.3218
27483,13.98,-24.70,131.63,0.1819,0.8758,5.6758
27507,16.37,-25.65,128.91,0.1484,0.7753,5.4221
27531,18.78,-26.65,126.23,0.1340,0.2393,4.9292
27554,21.37,-27.44,123.18,0.1436,0.9523,5.1350
27578,23.77,-28.59,120.55,0.1723,-1.1055,5.7380
27602,26.40,-29.47,117.65,0.3015,-0.0144,7.0253
27626,29.05,-30.38,114.81,0.4068,-0.5503,7.8580
27650,31.71,-31.27,111.98,0.4403,-1.3783,10.0499
27674,34.49,-31.97,109.29,0.5312,-0.6269,10.9735
27698,37.35,-32.45,106.57,0.5743,0.3541,11.8875
27721,40.21,-32.67,103.82,0.4068,1.2060,11.5621
27746,43.06,-32.65,101.00,0.4546,2.3115,11.7296
27769,45.83,-32.47,97.97,0.3398,2.4694,11.5956
27793,48.52,-32.19,94.76,0.1819,2.1153,10.7725
27817,51.10,-31.80,91.52,0.1627,2.0148,10.1360
27841,53.57,-31.40,88.25,0.2297,1.6175,10.1360
27865,55.93,-30.89,85.02,0.2824,1.8138,9.9302
27888,58.21,-30.52,81.71,0.3446,0.2967,9.9350
27913,60.36,-29.98,78.68,0.3876,0.9045,9.9829
27936,62.33,-29.32,75.92,0.3685,1.3400,9.9254
27960,64.16,-28.65,73.32,0.3541,1.1581,9.7436
27983,65.79,-27.90,71.14,0.4020,1.8185,9.6670
28008,67.27,-27.13,69.07,0.3781,1.9717,9.9972
28032,68.65,-26.47,67.10,0.4164,1.2395,10.0642
28055,69.76,-25.59,65.93,0.3972,3.4552,10.1982
28079,70.68,-24.77,64.77,0.6748,4.1922,10.0355
28103,71.60,-24.10,63.48,0.6796,2.9384,10.1599
28127,72.37,-23.44,62.66,0.7418,3.5079,9.8871
28150,72.96,-22.73,62.32,0.6604,4.5894,9.4660
28175,73.50,-22.08,61.91,0.6030,4.2497,9.3129
28198,73.94,-21.48,61.77,0.5695,4.2736,8.5807
28222,74.18,-20.88,62.18,0.5886,5.4843,8.0830
28246,74.32,-20.32,62.53,0.6604,5.9964,7.7240
28269,74.42,-19.82,62.88,0.5408,5.5753,7.1258
28294,74.54,-19.37,63.08,0.5551,5.0536,7.0588
28317,74.81,-19.12,63.29,0.4020,2.2493,5.7906
28341,74.48,-18.65,65.69,0.5264,8.5759,5.8289
28364,74.54,-18.45,66.73,0.2919,2.5555,4.5799
28389,74.38,-18.22,69.21,0.3111,3.4026,3.9051
28412,74.06,-17.93,72.78,0.0670,2.0865,2.0052
28436,72.39,-18.02,82.27,0.1292,2.0243,-1.6989
28460,70.40,-18.83,93.28,0.0383,-2.4263,-6.8530
28484,68.03,-19.32,106.74,0.0670,-3.5462,-11.6530
28508,64.93,-19.55,124.18,-0.4020,-14.1942,-24.9763
28531,61.20,-18.96,145.47,-0.5647,-25.3400,-38.1272
28556,58.77,-16.92,164.81,0.4642,39.1992,-39.2040
28579,56.82,-17.74,171.98,2.7852,4.5224,5.4987
28603,53.60,-17.16,-176.65,1.2730,-11.9545,-2.6704
28627,52.18,-17.00,-174.62,0.2393,39.1992,5.7141
28651,49.04,-17.07,-173.25,-1.2299,-18.1663,10.3753
28675,46.15,-16.45,-170.98,0.7370,-15.5438,-12.0120
28699,43.05,-16.54,-166.92,0.3398,-16.5105,8.0638
28723,40.58,-15.34,-164.10,-0.6652,-2.9575,-4.1539
28747,37.60,-15.74,-161.85,0.0287,-9.3655,10.7677
28771,34.54,-15.47,-159.72,-0.3015,-17.5920,-0.8231
28794,31.83,-16.20,-158.42,-0.1866,-1.8233,13.2610
28819,28.70,-15.97,-155.64,-0.3685,-21.8034,1.4836
28843,25.71,-16.60,-152.66,0.2297,-6.1878,11.6770
28866,22.54,-16.48,-149.02,0.0335,-12.7537,3.3117
28891,19.28,-16.78,-145.18,0.7322,-13.5290,10.6193
28914,16.01,-16.78,-141.11,0.1819,-8.1595,3.8620
28938,12.67,-17.01,-138.11,0.0431,-11.0501,11.3803
28962,9.36,-16.90,-135.05,0.7848,-16.4004,5.6231
28986,6.11,-16.75,-132.05,0.7705,-17.1996,6.0443
29009,2.91,-16.64,-129.23,1.0050,-19.0469,6.1208
29034,359.78,-16.58,-124.94,0.9476,-11.3037,5.5513
29058,356.51,-16.34,-121.46,1.2203,-18.0132,11.1218
29081,353.52,-15.90,-115.89,0.9141,-12.8064,5.7284
29106,350.38,-15.69,-111.04,0.9141,-7.1880,9.8967
29129,347.43,-15.09,-107.73,0.8518,-11.2080,7.0923
29154,344.52,-14.55,-104.76,0.8566,-9.4277,8.1643
29177,341.86,-13.82,-102.34,0.6269,-9.7627,4.9196
29201,339.22,-13.13,-99.83,0.3924,-7.2407,5.9725
29224,336.80,-12.28,-98.04,0.1675,-6.8674,4.0487
29249,334.49,-11.39,-96.35,-0.0287,-6.9535,5.0441
29273,332.38,-10.41,-94.97,-0.0670,-7.8724,4.5416
29296,330.40,-9.50,-93.42,-0.0957,-7.5805,5.1876
29320,328.63,-8.60,-91.91,-0.1149,-8.4706,5.1111
29343,326.98,-7.76,-89.73,-0.1531,-7.0684,5.5992
29368,325.48,-7.05,-87.32,0.0670,-5.4174,5.4126
29391,324.16,-6.41,-85.78,0.1244,-6.1256,4.8957
29415,323.02,-5.71,-84.67,-0.0239,-9.4229,5.4700
29438,321.96,-5.02,-82.97,-0.0574,-4.3214,4.2162
29462,321.07,-4.45,-81.70,0.0239,-6.7047,5.1111
29486,320.21,-3.89,-80.18,-0.0144,-5.7093,4.2975
29510,319.46,-3.41,-78.47,0.0000,-4.6086,4.8526
29534,318.85,-2.95,-77.60,-0.0526,-6.6855,4.7091
29557,318.30,-2.53,-76.65,-0.0431,-7.3460,5.2834
29581,317.83,-2.18,-75.85,-0.0144,-7.8963,5.0393
29604,317.45,-1.86,-74.79,-0.0814,-7.4273,5.4317
29628,317.12,-1.58,-73.89,-0.0670,-8.1021,5.5848
29652,316.86,-1.39,-73.03,0.0622,-7.7240,5.5944
29676,316.65,-1.21,-72.78,0.0957,-9.7196,5.3504
29700,316.47,-1.04,-72.32,0.0574,-9.1023,5.5657
29723,316.31,-0.93,-71.82,0.1484,-9.3464,5.9629
29747,316.18,-0.82,-71.59,0.1244,-9.2650,5.2211
29770,316.07,-0.71,-71.29,0.0622,-9.3559,5.4604
29794,315.98,-0.58,-71.10,-0.0766,-9.6000,5.2690
29818,315.93,-0.46,-70.89,-0.1340,-8.7817,4.7282
29842,315.90,-0.35,-70.69,-0.1723,-9.8489,5.5848
29865,315.93,-0.28,-70.70,-0.1675,-9.7053,4.5368
29889,315.92,-0.21,-70.59,-0.1005,-10.0020,5.0393
29913,315.94,-0.16,-70.60,-0.0861,-9.9876,4.5942
29936,315.97,-0.15,-70.54,0.0096,-9.3464,4.5511
29961,315.99,-0.17,-70.66,0.1292,-10.1743,4.4267
29984,316.04,-0.21,-70.68,0.1723,-9.8297,4.4459
30008,316.07,-0.25,-70.83,0.2154,-10.3035,4.2257
30031,316.14,-0.32,-70.88,0.2441,-9.9972,4.2640
30055,316.25,-0.39,-71.14,0.2058,-10.8538,4.0247
30078,316.30,-0.43,-71.19,0.2249,-10.3274,4.0822
30103,316.39,-0.49,-71.36,0.2584,-9.8824,3.7711
30127,316.45,-0.53,-71.53,0.2632,-10.9208,3.8333
30150,316.50,-0.56,-71.64,0.2297,-10.6481,3.6945
30174,316.59,-0.60,-71.74,0.2058,-11.0883,3.7089
30197,316.67,-0.61,-71.78,0.1292,-10.6481,3.5653
30222,316.77,-0.63,-71.90,0.1005,-10.8921,3.1825
30245,316.85,-0.62,-71.94,0.0526,-11.1458,3.6084
30269,316.90,-0.60,-72.07,0.0909,-10.0307,3.0006
30292,316.97,-0.62,-72.13,0.1627,-11.0644,3.3212
30316,317.05,-0.67,-72.13,0.2824,-10.2700,2.9767
30341,317.11,-0.71,-71.99,0.3159,-10.8251,3.1537
30364,317.12,-0.74,-71.76,0.3494,-9.4756,3.0867
30388,317.15,-0.77,-71.67,0.3302,-9.7436,3.0437
30411,317.21,-0.79,-71.66,0.3206,-9.8728,2.9192
30435,317.22,-0.79,-71.60,0.2776,-9.5139,2.8810
30458,317.24,-0.78,-71.53,0.2489,-9.1837,2.9192
30483,317.25,-0.77,-71.49,0.2249,-9.2698,2.9432
30507,317.25,-0.73,-71.37,0.1579,-12.3087,4.4172
30530,317.24,-1.24,-72.22,2.2205,-13.7587,-0.1579
30554,317.22,-1.39,-71.37,0.2154,-7.5230,5.3456
30577,317.24,-1.27,-70.98,-1.0528,-19.8317,9.1693
30602,317.24,-1.02,-70.23,-0.6891,-17.9079,6.0778
30625,317.24,-0.59,-71.14,-0.8806,-5.9629,-1.0481
30649,317.24,-0.72,-70.82,0.6269,-12.8830,5.3456
30672,317.19,-0.78,-68.68,0.1675,-2.9767,3.1729
30696,317.20,-0.73,-67.94,-0.0096,-7.8820,6.3171
30721,317.24,-0.65,-67.89,-0.2967,-10.4758,4.7474
30744,317.20,-0.43,-66.71,-0.4211,-5.2786,4.6325
30768,317.24,-0.47,-66.99,0.1675,-13.3902,4.4554
30791,317.24,-0.49,-66.41,0.1244,-7.0732,3.7376
30815,317.27,-0.53,-66.58,0.2106,-11.2128,4.2353
30839,317.28,-0.54,-66.27,0.0718,-7.5565,3.4648
30863,317.29,-0.55,-66.03,0.1196,-9.6526,4.6660
30886,317.30,-0.58,-65.84,0.1484,-9.6574,4.1731
30910,317.31,-0.63,-65.56,0.2584,-9.6191,4.7617
30934,317.32,-0.67,-65.42,0.2536,-9.7627,4.3119
30957,317.33,-0.74,-65.07,0.3206,-8.4323,4.2305
30982,317.32,-0.78,-64.86,0.2871,-9.4229,4.4650
31005,317.33,-0.85,-64.55,0.3398,-8.8391,4.4076
31029,317.36,-0.91,-64.22,0.3302,-9.4325,5.1254
31052,317.39,-0.98,-63.91,0.3302,-8.9204,4.5942
31076,317.40,-1.02,-63.50,0.3015,-9.0927,5.2116
31099,317.42,-1.06,-63.21,0.2776,-9.0879,4.6947
31123,317.45,-1.11,-62.71,0.2919,-8.8774,5.4843
31148,317.49,-1.15,-62.43,0.2536,-8.8534,4.7330
31171,317.50,-1.17,-61.95,0.2489,-8.7864,5.4556
31195,317.50,-1.18,-61.59,0.2201,-8.6955,5.0536
31218,317.52,-1.19,-61.22,0.2249,-9.0497,5.3886
31242,317.53,-1.20,-60.80,0.1866,-8.4419,5.2977
31265,317.57,-1.21,-60.49,0.1866,-9.0784,5.4126
31290,317.58,-1.20,-59.91,0.1579,-8.0255,5.7763
31313,317.59,-1.17,-59.55,0.1149,-8.8439,5.6136
31337,317.58,-1.14,-58.96,0.1196,-7.9250,5.9533
31361,317.62,-1.14,-58.68,0.1340,-8.6142,5.7093
31384,317.65,-1.13,-58.25,0.1196,-8.1547,6.1113
31408,317.68,-1.13,-58.00,0.1436,-8.3031,5.6662
31432,317.74,-1.16,-57.75,0.1866,-8.4036,6.1974
31456,317.78,-1.18,-57.63,0.2249,-8.7290,5.7571
31479,317.81,-1.21,-57.26,0.2489,-7.8963,6.0969
31503,317.82,-1.23,-57.14,0.2680,-8.7003,5.9773
31526,317.85,-1.27,-56.92,0.3063,-8.4036,6.0347
31550,317.89,-1.32,-56.59,0.3254,-8.0542,6.2596
31575,317.93,-1.37,-56.42,0.3398,-8.2170,6.1208
31598,317.97,-1.40,-56.26,0.3015,-8.4084,6.2979
31622,318.01,-1.45,-56.13,0.3159,-8.1117,5.9342
31645,318.02,-1.46,-55.96,0.3063,-8.2840,6.2309
31669,318.06,-1.50,-55.84,0.3206,-8.1500,5.9916
31692,318.08,-1.52,-55.70,0.3206,-8.1260,6.2357
31716,318.09,-1.55,-55.61,0.3350,-8.1978,6.1352
31740,318.14,-1.59,-55.56,0.3254,-8.1739,6.2931
31764,318.19,-1.61,-55.61,0.2871,-8.4993,5.9294
31788,318.18,-1.61,-55.38,0.3063,-7.8389,6.3745
31811,318.23,-1.62,-55.49,0.2393,-8.5711,5.9103
31835,318.27,-1.63,-55.43,0.2249,-8.1691,6.1831
31858,318.30,-1.61,-55.46,0.1579,-8.3510,5.8959
31883,318.32,-1.59,-55.47,0.1579,-8.1787,5.9294
31906,318.38,-1.57,-55.57,0.1101,-8.4275,5.8624
31930,318.42,-1.55,-55.67,0.1101,-8.3701,5.8720
31953,318.48,-1.53,-55.81,0.0718,-8.5663,5.8863
31977,318.50,-1.49,-55.89,0.0957,-8.3605,5.7763
32001,318.53,-1.45,-56.02,0.0957,-8.5328,5.8050
32024,318.59,-1.45,-56.15,0.1149,-8.4179,5.7763
32049,318.62,-1.43,-56.30,0.1196,-8.6237,5.7476
32072,318.67,-1.42,-56.46,0.1531,-8.4467,5.5992
32096,318.74,-1.43,-56.71,0.1771,-8.6094,5.6088
32119,318.75,-1.42,-56.51,0.1484,-5.8959,5.2546
32143,318.78,-1.42,-57.10,0.1914,-7.5517,5.5705
32166,318.83,-1.42,-58.35,0.2154,-8.0160,4.7521
32191,318.89,-1.43,-59.94,0.2489,-9.1597,4.5559
32215,318.96,-1.42,-61.41,0.2249,-12.1173,4.4028
32238,319.00,-1.44,-61.42,0.2393,-8.3222,4.4746
32262,319.05,-1.48,-61.44,0.2871,-9.0066,4.4076
32285,319.11,-1.55,-61.48,0.3924,-9.3607,4.1635
32309,319.14,-1.58,-61.55,0.3302,-9.3081,4.5129
32332,319.14,-1.60,-61.72,0.3781,-9.3320,4.2353
32357,319.16,-1.61,-61.88,0.3159,-9.3177,4.3549
32380,319.18,-1.63,-61.99,0.3350,-8.8726,4.3980
32404,319.19,-1.63,-62.13,0.3063,-9.1071,4.6469
32428,319.26,-1.65,-62.46,0.2680,-9.7101,4.2114
32451,319.27,-1.64,-62.50,0.2393,-9.1884,4.6229
32475,319.31,-1.64,-62.62,0.2441,-9.0879,4.2832
32499,319.29,-1.59,-62.67,0.1723,-9.4516,4.7856
32523,319.31,-1.56,-62.95,0.1914,-12.1843,4.6134
32546,319.31,-1.56,-62.36,0.2728,-9.2746,5.0058
32570,319.31,-1.59,-61.84,0.5168,-11.7440,7.1306
32593,319.23,-3.33,-61.01,0.7178,0.9284,-0.2201
32617,319.22,-3.22,-62.05,0.7609,-20.8128,5.9821
32642,319.17,-3.12,-61.35,0.1771,-5.9246,4.3406
32665,319.18,-2.96,-62.45,0.2584,-21.0281,8.7912
32689,319.12,-2.71,-62.48,-0.3159,-10.4758,9.2315
32712,319.16,-2.48,-63.74,-0.4020,-13.0074,2.9384
32736,319.14,-2.29,-64.52,-0.1771,-17.9031,6.0778
32760,319.11,-2.15,-64.48,0.0239,-11.8588,5.5609
32784,319.12,-2.11,-64.44,0.2489,-10.4614,6.1017
32807,319.09,-2.06,-64.06,0.2871,-12.6150,8.6237
32831,319.13,-2.03,-64.50,0.4642,-15.0604,5.9773
32855,319.17,-2.02,-63.86,0.2728,-12.4379,7.5135
32879,319.20,-1.99,-63.35,0.1675,-13.3950,4.6469
32903,319.23,-1.91,-62.26,0.0239,-11.2463,5.6901
32926,319.22,-1.91,-60.53,0.1388,-4.8574,4.7426
32950,319.30,-1.90,-61.09,0.2010,-12.3183,3.5844
32973,319.37,-1.88,-61.13,0.1531,-12.4953,3.8524
32998,319.41,-1.82,-60.45,-0.0096,-8.2505,3.1011
33021,319.43,-1.72,-61.86,-0.0479,-5.1159,-0.5982
33045,319.22,-1.60,-61.19,0.2106,16.8550,3.9529
33069,319.23,-1.53,-65.06,-0.8997,-37.9741,21.3057
33092,319.23,-1.33,-65.35,-2.8044,12.1508,-39.2040
33117,319.16,-1.33,-66.42,0.7131,-28.7522,23.8325
33140,319.19,-1.26,-65.44,-0.4355,-12.6389,10.5811
33164,319.15,-1.35,-64.29,0.6939,-9.2507,21.0712
33188,319.24,-1.39,-62.45,0.0861,-9.2507,14.5005
33212,319.33,-1.43,-62.38,0.1819,-21.2339,18.3194
33235,319.45,-1.46,-61.61,0.1005,-23.8708,14.5005
33259,319.60,-1.35,-63.85,-1.0528,-20.2241,-10.3753
33283,319.67,-1.28,-63.29,-0.4642,-16.2856,11.8923
33307,319.76,-1.21,-65.34,-0.3924,-15.1992,-6.2118
33331,319.75,-1.28,-63.34,0.4834,-9.3320,22.6840
33354,319.84,-1.22,-65.76,-0.2201,-3.2207,-5.8385
33378,319.79,-1.27,-63.42,0.3637,-1.7228,18.8985
33402,319.93,-1.33,-66.48,0.0431,-4.0343,-6.6090
33426,319.93,-1.42,-66.72,0.3972,4.0917,11.2989
33449,320.05,-1.54,-72.11,0.1101,3.4696,-4.3645
33473,320.29,-1.59,-78.98,-0.0622,11.6626,-2.2588
33497,320.85,-1.57,-94.12,-0.0718,-0.9476,-18.2429
33521,321.59,-1.54,-110.05,-0.1723,2.6321,-20.1236
33545,322.96,-1.32,-127.11,0.1723,-4.0295,-23.7177
33568,324.53,-0.96,-143.21,-0.4499,-7.2646,-24.5982
33592,326.07,-0.72,-154.74,-0.1771,-19.2909,-16.2090
33616,327.63,-0.38,-163.62,-0.6269,-0.1579,-7.5661
33640,329.05,-0.29,-172.02,-0.3924,0.1819,-10.2365
33664,330.40,-0.23,179.10,-0.2154,1.2060,-2.8953
33688,331.60,-0.75,172.68,1.0672,-9.4804,-10.1982
33712,332.79,-1.14,170.25,0.0909,-6.8913,2.3593
33735,333.95,-1.21,164.97,-0.6078,5.5178,5.1254
33759,335.18,-1.61,159.92,0.1101,4.9675,6.9823
33782,336.49,-2.09,155.70,0.1866,2.2684,13.8257
33807,337.81,-2.83,154.24,0.8614,1.6558,8.6477
33830,339.14,-3.44,151.93,0.8471,5.0871,16.0798
33854,340.40,-4.17,151.50,0.9141,-4.6708,12.8734
33878,341.73,-4.90,150.81,0.8183,-0.3589,14.3617
33902,343.16,-5.69,149.42,0.8327,2.4837,8.9061
33926,344.58,-6.50,148.38,0.8566,0.7274,12.7777
33949,345.91,-7.36,147.72,0.6269,0.4403,12.9547
33973,347.38,-8.12,146.73,0.4211,3.9147,14.3378
33997,348.92,-8.92,145.83,0.5216,2.0148,15.2614
34021,350.49,-9.72,144.96,0.3829,1.6702,13.8975
34044,352.07,-10.59,144.15,0.5408,1.7037,13.1366
34069,353.71,-11.38,143.08,0.0191,1.8951,11.6004
34093,355.45,-12.25,141.68,0.3733,2.2540,10.7151
34116,357.25,-13.17,139.99,0.3829,1.8042,9.2842
34141,359.06,-14.15,138.32,0.3398,0.6365,8.4179
34164,0.99,-15.15,136.41,0.3637,0.9906,7.2024
34188,2.96,-16.24,134.45,0.4211,0.4164,5.9629
34211,4.98,-17.35,132.38,0.3111,-0.0670,5.1876
34236,7.10,-18.47,130.24,0.3063,0.0287,4.6469
34259,9.24,-19.64,128.09,0.3063,-0.2824,4.3597
34283,11.47,-20.74,125.91,0.2345,-0.3685,4.8383
34307,13.71,-21.89,123.85,0.2393,-0.9428,5.3934
34331,15.55,-23.23,123.22,0.1436,-5.4987,7.5517
34355,17.68,-24.44,122.43,0.1627,-2.8331,8.4706
34378,20.18,-25.29,121.16,0.4020,1.1151,10.5619
34403,22.75,-26.10,119.49,0.5503,0.9954,11.4281
34426,25.40,-26.74,117.38,0.5838,1.9382,11.9976
34450,28.02,-27.29,115.27,-0.2776,0.1675,12.7107
34475,30.75,-27.76,112.98,0.9141,2.5747,11.7727
34498,33.49,-27.96,110.42,0.3494,3.3930,11.8445
34522,36.18,-28.17,107.46,0.4211,2.3450,10.8730
34546,38.86,-28.19,104.25,0.5168,3.2016,10.6720
34570,41.46,-28.42,100.82,0.4259,0.4690,10.5188
34593,44.05,-28.42,97.47,0.5360,1.4501,9.9541
34617,46.55,-28.54,94.25,0.6317,-0.0239,9.7962
34641,48.98,-28.38,91.13,0.4451,0.9811,9.3559
34665,51.30,-28.06,88.18,0.3589,1.3639,9.2219
34689,53.52,-27.63,85.20,0.2489,1.3017,9.6335
34712,55.58,-27.09,82.38,0.2393,1.7372,9.6670
34737,57.54,-26.54,79.57,0.2584,1.3926,9.9781
34760,59.33,-25.85,76.97,0.2489,2.1583,10.1934
34784,60.94,-25.13,74.51,0.2728,2.5029,10.2078
34807,62.45,-24.46,72.07,0.4068,2.1248,10.3705
34832,63.75,-23.73,69.94,0.5408,3.1250,10.2174
34855,65.00,-23.11,67.62,0.6078,2.1918,9.9685
34879,66.06,-22.46,65.67,0.6700,2.9815,10.1408
34904,67.01,-21.81,63.73,0.6126,2.9145,9.8919
34927,67.93,-21.20,61.82,0.6796,2.5890,9.9781
34951,68.67,-20.61,60.18,0.7035,3.2207,9.7149
34974,69.34,-20.05,58.63,0.7370,3.1059,9.7244
34999,69.91,-19.50,57.27,0.7035,3.4839,9.4851
35022,70.42,-19.01,55.92,0.6796,3.0532,9.4612
35046,70.87,-18.57,54.80,0.6700,3.0389,9.3081
35069,71.20,-18.11,53.95,0.6461,3.7089,9.1980
35093,71.50,-17.72,53.15,0.6987,3.5797,9.5521
35118,71.84,-17.44,52.45,0.6556,2.1488,9.1645
35141,72.07,-17.15,52.60,0.6221,2.7470,8.6620
35165,71.97,-16.78,53.89,0.6604,6.4223,8.1978
35188,71.98,-16.56,54.57,0.7609,4.5990,8.2074
35213,71.77,-16.26,56.17,0.7992,7.3316,7.2311
35236,71.55,-16.03,57.57,0.8518,7.3651,7.4847
35260,71.37,-15.86,58.62,0.9045,6.8004,7.3555
35283,71.27,-15.77,59.55,0.8758,5.1063,6.7717
35308,71.03,-15.75,61.41,0.8423,5.1876,6.1591
35332,70.73,-15.76,64.15,0.6700,4.1252,4.2640
35355,70.11,-15.83,68.42,0.6365,4.5081,2.5316
35379,69.10,-16.02,74.95,0.4259,2.5842,0.2058
35402,67.53,-17.50,84.00,0.3494,-1.3113,-1.7611
35427,65.40,-18.27,96.01,0.0814,-4.1635,-11.0836
35450,62.79,-18.70,111.93,-0.1819,-8.9204,-18.0275
35474,59.64,-18.49,131.09,-0.2441,-15.4816,-35.1984
35499,56.07,-17.00,152.12,-1.8520,-10.3083,-39.2040
35522,53.59,-15.80,164.87,4.0343,39.1370,-30.3506
35546,51.05,-15.83,174.73,0.1436,-5.7284,10.8251
35570,49.19,-14.66,-179.12,0.9571,6.2596,-22.5882
35594,47.75,-14.74,179.32,0.2345,32.8343,12.6676
35618,45.08,-14.31,-178.78,0.5168,-22.4782,-10.4758
35642,43.06,-15.11,-175.97,0.8279,-0.2680,7.1641
35665,40.76,-14.04,-172.28,-0.4834,-3.8572,-5.1446
35689,38.29,-14.78,-170.47,1.0672,-5.9964,8.0495
35714,35.57,-15.15,-168.62,0.1149,-8.1930,6.5085
35737,32.91,-15.68,-167.17,0.1340,-9.2459,9.7627
35761,30.12,-16.17,-165.09,0.4499,-8.2074,5.9533
35785,27.26,-16.22,-162.91,0.0670,-17.6542,3.1059
35809,24.51,-16.86,-160.38,0.3111,-5.3216,6.2931
35832,21.57,-16.90,-157.97,0.3206,-18.8124,3.0485
35857,18.69,-17.62,-155.09,0.5743,-6.1304,7.6857
35880,15.65,-17.60,-152.06,0.5025,-20.6788,3.7328
35904,12.59,-18.14,-148.95,0.8471,-11.2941,10.3657
35929,9.49,-18.14,-145.98,0.8710,-22.4830,5.5466
35952,6.32,-18.53,-142.58,0.9667,-12.2895,10.2556
35976,3.10,-18.68,-139.21,1.3831,-14.1942,6.7238
36000,359.87,-18.80,-135.74,1.2873,-16.7833,9.9972
36024,356.63,-18.80,-132.27,0.9236,-11.8540,6.6664
36047,353.37,-18.79,-129.15,0.7083,-9.9111,7.1545
36072,350.18,-18.45,-126.70,0.4068,-13.9549,6.9105
36096,347.26,-17.83,-124.07,0.2345,-9.4660,1.9143
36120,344.25,-17.45,-121.19,0.2680,-8.5854,5.9677
36144,341.53,-16.76,-119.14,0.1388,-8.2552,1.9956
36167,338.75,-16.21,-116.23,0.0718,-10.2030,7.1210
36192,336.33,-15.30,-113.95,-0.1579,-7.2742,1.7324
36215,333.80,-14.67,-111.47,0.2106,-8.6189,6.6138
36239,331.67,-13.71,-109.56,-0.0909,-7.3316,1.8090
36263,329.56,-12.94,-107.34,0.1531,-9.8441,5.5801
36287,327.69,-12.16,-105.23,0.2201,-8.7577,3.1777
36311,325.81,-11.56,-102.82,0.3254,-6.0443,4.8191
36334,324.23,-10.77,-101.32,0.0909,-7.9681,3.2638
36359,322.78,-10.04,-100.06,0.2010,-8.5902,3.2686
36382,321.44,-9.46,-98.17,0.3589,-6.7095,3.5892
36406,320.28,-8.89,-96.98,0.3637,-7.1019,2.6895
36429,319.20,-8.38,-95.36,0.4164,-7.7575,4.2449
36453,318.23,-7.96,-94.26,0.5503,-6.5611,2.7230
36477,317.35,-7.52,-93.15,0.6078,-10.2078,5.3025
36501,316.60,-7.13,-92.17,0.4881,-7.3938,3.2351
36525,315.86,-6.74,-91.32,0.5743,-10.0355,6.0395
36548,315.32,-6.41,-90.85,0.5886,-9.6957,3.6227
36572,314.78,-6.03,-89.94,0.4355,-12.3039,6.0969
36596,314.30,-5.67,-88.87,0.2967,-8.5567,3.9864
36620,313.92,-5.34,-88.15,0.3398,-11.6435,5.1159
36643,313.59,-5.04,-87.04,0.2919,-9.2507,4.2640
36667,313.30,-4.78,-86.38,0.4164,-10.7342,4.8096
36690,313.11,-4.52,-85.97,0.2632,-12.3805,4.3597
36715,312.91,-4.26,-85.15,0.2201,-11.1171,4.9866
36739,312.67,-3.98,-84.30,0.1531,-10.7773,5.3121
36762,312.58,-3.78,-83.66,0.2201,-11.3611,4.5272
36786,312.52,-3.63,-83.02,0.2824,-10.7868,4.4315
36809,312.47,-3.52,-82.39,0.4259,-11.3181,3.6754
36834,312.46,-3.41,-81.92,0.3206,-10.7581,3.8094
36857,312.45,-3.29,-81.50,0.2441,-10.0594,2.9719
36881,312.41,-3.19,-80.81,0.2584,-10.2221,3.9769
36904,312.45,-3.12,-80.54,0.2680,-10.2987,2.7470
36928,312.50,-3.08,-79.95,0.2345,-8.2505,3.1968
36953,312.56,-3.07,-79.40,0.3398,-10.2126,4.1396
36976,312.52,-4.02,-78.35,3.3212,-6.1161,5.5992
37000,312.44,-3.65,-76.29,-0.2441,-5.1350,7.2263
37023,312.48,-3.30,-75.94,-0.2393,-15.5151,5.5753
37047,312.55,-2.49,-75.32,-2.4311,-12.0168,2.7805
37071,312.78,-4.21,-76.19,4.0247,-5.2929,-2.4790
37095,312.89,-3.92,-78.23,-0.5934,-12.2465,-1.0241
37118,312.79,-3.45,-77.45,-0.5408,-3.9338,4.2353
37142,313.02,-3.37,-84.59,-0.0191,-5.8481,-7.7527
37166,313.18,-3.46,-90.39,1.1629,-11.9498,-0.9141
37190,313.40,-3.39,-94.93,0.3111,-17.6064,-2.1727
37214,313.70,-3.25,-97.32,-0.0909,-13.0217,-3.0437
37237,313.95,-3.33,-97.73,0.8518,-12.4379,-1.8042
37261,314.28,-3.47,-98.73,0.7848,-9.2937,-2.6512
37284,314.52,-3.41,-98.66,0.2058,-11.7344,-2.1631
37309,314.80,-3.50,-99.04,0.3637,-5.0728,-1.7420
37332,315.10,-3.43,-99.67,0.1771,-11.5478,-2.9001
37356,315.38,-3.46,-99.91,0.3254,-6.4367,-1.8616
37380,315.64,-3.35,-100.19,0.0622,-9.4756,-2.4646
37404,315.87,-3.21,-100.32,-0.0814,-10.4518,-1.8999
37428,316.07,-3.10,-100.56,0.0383,-10.1551,-2.7374
37451,316.24,-2.94,-100.94,-0.1196,-7.6522,-1.9143
37475,316.43,-2.80,-101.09,-0.1149,-10.7198,-2.8187
37499,316.70,-2.54,-101.36,-0.4834,-7.3603,-1.9334
37523,316.86,-2.38,-101.59,-0.2106,-10.9496,-2.5364
37547,317.01,-2.18,-101.81,-0.3063,-7.7192,-2.1631
37570,317.21,-2.03,-101.94,-0.3159,-10.4949,-2.2780
37595,317.42,-1.87,-102.23,-0.3589,-9.7531,-2.8570
37618,317.55,-1.71,-102.36,-0.3254,-10.2461,-2.2971
37642,317.73,-1.58,-102.65,-0.2489,-10.0068,-2.8475
37665,317.91,-1.47,-102.79,-0.1866,-8.2074,-1.9860
37690,318.06,-1.37,-103.12,-0.1771,-9.8871,-2.9192
37713,318.23,-1.29,-103.20,-0.1292,-8.8104,-2.0674
37737,318.34,-1.21,-103.52,-0.1101,-9.2698,-2.9384
37761,318.47,-1.14,-103.63,-0.0909,-8.9252,-2.1535
37785,318.60,-1.09,-103.80,-0.0383,-10.6433,-2.9049
37809,318.71,-1.03,-103.87,-0.0383,-8.6237,-2.1392
37832,318.83,-1.01,-104.10,0.0431,-10.8634,-3.0006
