13152.0,179.28,-2.7,-3.37,0.2201,0.06068001,4.2257,
13175.0,178.86,-5.32,-6.65,0.2632,0.112892,4.1061,
13199.0,178.7,-7.79,-9.78,0.2584,0.14888282,4.2784,
13223.0,178.78,-10.07,-12.74,0.268,0.19227453,4.2209,
13247.0,179.02,-12.12,-15.59,0.2345,0.23132706,4.2927,
13271.0,179.41,-13.94,-18.28,0.2201,0.25642434,4.2162,
13294.0,179.89,-15.5,-20.84,0.1771,0.2967219,4.3119,
13319.0,180.46,-16.85,-23.27,0.1531,0.32676977,4.1396,
13342.0,181.07,-17.97,-25.51,0.1101,0.3571628,4.2975,
13366.0,181.72,-18.97,-27.67,0.0814,0.3572366,4.1492,
13390.0,182.36,-19.85,-29.58,0.0574,0.403723,4.1539,
13414.0,183.01,-20.56,-31.43,0.0622,0.35942072,4.3693,
13437.0,183.66,-21.13,-33.09,0.0287,0.37458864,4.0008,
13461.0,184.29,-21.64,-34.71,0.0191,0.3561698,4.2257,
13486.0,184.9,-22.12,-36.11,-0.0144,0.39463282,4.0726,
13509.0,185.48,-22.52,-37.47,-0.0335,0.42828956,4.1348,
13533.0,186.04,-22.9,-38.64,-0.0622,0.45762065,4.2257,
13557.0,186.61,-23.19,-39.83,-0.0287,0.45769855,4.0056,
13581.0,187.15,-23.53,-40.89,-0.0191,0.46877876,4.2066,
13604.0,187.7,-23.86,-41.93,0.0191,0.46726087,3.9769,
13628.0,188.21,-24.14,-42.83,0.0526,0.4654148,4.13,
13652.0,188.75,-24.44,-43.77,0.1005,0.45371333,3.9242,
13676.0,189.25,-24.72,-44.57,0.1244,0.46997204,3.9721,
13700.0,189.76,-24.93,-45.38,0.1531,0.46163487,3.8812,
13724.0,190.26,-25.22,-46.12,0.2058,0.46323138,3.9099,
13748.0,190.77,-25.48,-46.88,0.2249,0.45365828,3.7998,
13771.0,191.28,-25.77,-47.59,0.2489,0.4527025,3.7567,
13796.0,191.81,-26.04,-48.3,0.2154,0.4288723,3.6514,
13819.0,192.34,-26.3,-48.96,0.2058,0.37966505,3.7567,
13843.0,192.85,-26.59,-49.47,0.2871,0.4320486,3.5174,
13867.0,193.39,-26.8,-50.17,0.268,0.3806038,3.5079,
13891.0,193.95,-27.06,-50.81,0.2345,0.33239347,3.3739,
13915.0,194.52,-27.26,-51.44,0.1484,0.10140412,3.8429,
13938.0,195.07,-27.48,-51.56,0.134,0.19932368,3.125,
13963.0,195.6,-27.62,-52.02,0.0431,0.15919136,3.5749,
13986.0,196.14,-27.66,-52.58,-0.0574,0.13121225,3.2351,
14010.0,196.66,-27.72,-53.0,-0.1244,0.13187104,3.3882,
14033.0,197.22,-27.81,-53.47,-0.201,0.12959397,3.192,
14058.0,197.76,-27.88,-53.81,-0.268,0.14189455,3.3547,
14082.0,198.29,-27.95,-54.12,-0.2824,0.110375114,3.5031,
14105.0,198.82,-27.98,-54.39,-0.2536,0.1370476,3.259,
14130.0,199.35,-28.07,-54.58,-0.1723,0.13712287,3.4983,
14153.0,199.89,-28.16,-54.78,-0.1101,0.14150064,3.3595,
14177.0,200.39,-28.22,-54.91,-0.0144,0.15501057,3.5366,
14200.0,200.94,-28.35,-55.09,0.0574,0.15902951,3.4265,
14225.0,201.44,-28.46,-55.19,0.1484,0.17413662,3.6323,
14248.0,201.95,-28.57,-55.35,0.1866,0.18581298,3.5701,
14272.0,202.48,-28.68,-55.49,0.2728,0.19202168,3.4792,
14297.0,203.0,-28.8,-55.57,0.3063,0.19760951,3.6467,
14320.0,203.53,-28.92,-55.72,0.3541,0.19736856,3.527,
14344.0,204.03,-28.98,-55.82,0.3254,0.2048117,3.6467,
14367.0,204.55,-29.07,-55.97,0.3254,0.21964052,3.5605,
14392.0,205.08,-29.14,-56.1,0.2967,0.23298645,3.6084,
14415.0,205.61,-29.21,-56.29,0.2393,0.24021778,3.5797,
14439.0,206.15,-29.26,-56.46,0.1962,0.24911597,3.5797,
14462.0,206.66,-29.28,-56.62,0.134,0.2662144,3.6562,
14487.0,207.2,-29.27,-56.8,0.0909,0.26725295,3.5844,
14511.0,207.73,-29.25,-56.97,0.0479,0.28636762,3.5414,
14534.0,208.26,-29.23,-57.12,0.0335,0.28491086,3.7184,
14559.0,208.82,-29.23,-57.32,-0.0144,0.28167975,3.6179,
14582.0,209.36,-29.21,-57.48,-0.0431,0.27782178,3.6467,
14606.0,210.02,-29.19,-57.92,-0.0526,-0.10707042,3.862,
14629.0,210.64,-29.17,-57.57,-0.0239,-0.17494337,3.6562,
14654.0,211.24,-29.16,-56.75,0.0048,-0.16998899,3.6897,
14678.0,211.9,-29.16,-55.94,0.0814,-0.01478008,2.9145,
14701.0,212.28,-29.03,-55.13,0.1101,0.18854795,4.2688,
14726.0,212.82,-28.95,-55.15,0.2058,0.14375322,4.2162,
14749.0,213.05,-28.9,-54.57,0.4451,0.40492794,4.6947,
14773.0,213.34,-28.99,-55.53,0.8853,0.62371516,4.2592,
14796.0,213.96,-28.67,-56.91,-0.7178,0.7115137,2.68,
14821.0,213.53,-28.89,-56.13,0.4786,1.3006823,5.0058,
14844.0,214.04,-28.86,-56.2,0.2919,0.95803404,5.001,
14868.0,214.19,-28.79,-56.08,0.134,1.1205506,5.2834,
14893.0,214.36,-28.61,-56.02,-0.268,0.9911656,7.0014,
14916.0,214.76,-28.49,-56.13,-0.0718,0.82303905,5.3551,
14940.0,215.28,-28.39,-56.78,-0.1244,-0.041334916,7.1593,
14964.0,215.87,-28.34,-57.05,0.0335,-0.4627414,5.1876,
14988.0,216.25,-28.23,-57.27,-0.0144,-0.3959872,4.8096,
15011.0,216.81,-28.14,-57.4,0.0526,-0.6589384,4.7521,
15035.0,217.4,-28.04,-57.74,-0.2584,-1.1147845,5.1829,
15059.0,217.99,-27.98,-57.92,0.0574,-1.3034661,4.3741,
15083.0,218.6,-28.01,-57.99,0.4738,-1.3378495,3.8477,
15107.0,219.26,-27.93,-58.14,0.0766,-1.6363046,4.2257,
15131.0,219.83,-27.8,-57.81,-0.1053,-1.3497841,3.1011,
15155.0,220.52,-27.63,-58.01,-0.2632,-1.5599557,3.6036,
15178.0,221.19,-27.54,-57.42,0.0287,-1.4150702,2.8187,
15202.0,221.87,-27.49,-57.14,0.0766,-1.2894531,3.1442,
15226.0,222.61,-27.37,-57.23,-0.0239,-1.1433778,2.3737,
15250.0,223.47,-27.35,-57.62,0.3063,-1.39716,2.1918,
15273.0,224.44,-27.5,-57.56,1.1342,-1.813634,1.3591,
15298.0,223.23,-29.05,-52.68,0.5025,-0.54603064,1.9908,
15322.0,221.92,-31.03,-49.9,1.0528,0.5876324,1.6223,
15345.0,222.17,-30.11,-53.01,-0.4355,0.7321592,4.6469,
15369.0,223.44,-30.04,-58.59,0.6796,0.41334334,-3.1346,
15393.0,223.94,-29.47,-62.07,0.1962,-0.40480098,4.7378,
15417.0,224.72,-29.18,-64.66,0.4068,-1.3852009,1.4022,
15440.0,225.04,-28.8,-66.15,0.2632,-2.1302106,6.4941,
15465.0,225.43,-28.52,-66.36,-0.1914,-2.1178095,3.929,
15489.0,225.76,-28.21,-67.65,-0.3589,-2.1478086,4.7378,
15512.0,226.36,-28.01,-68.94,-0.1436,-1.9106377,1.8138,
15537.0,225.84,-27.95,-68.06,-0.3254,-0.945834,3.1394,
15560.0,225.38,-27.89,-69.28,-0.2393,-0.16509059,3.7711,
15584.0,226.62,-27.76,-75.42,-0.1723,0.72134846,-0.3063,
15607.0,228.39,-28.19,-84.09,-0.134,1.5287136,-0.8853,
15632.0,230.65,-30.33,-95.29,-0.2297,2.7200322,-8.5807,
15655.0,233.57,-31.58,-109.39,-0.4881,3.148549,-11.5765,
15679.0,236.84,-32.56,-124.19,-0.2249,3.4174442,-14.9791,
15704.0,240.12,-32.71,-138.44,-0.2441,3.5378897,-15.6108,
15727.0,243.03,-32.04,-151.71,-1.0672,3.7793307,-14.9551,
15752.0,245.02,-30.81,-161.92,-0.3398,3.8808177,-12.1986,
15775.0,246.42,-28.96,-171.47,-0.3206,4.2573857,-10.6624,
15800.0,246.77,-27.14,-177.59,-0.2154,4.207217,-8.7194,
15823.0,248.7,-25.41,173.48,0.0861,5.5178456,-5.0584,
15847.0,249.01,-23.33,167.24,0.1914,5.923091,-4.3406,
15872.0,248.56,-22.8,165.99,-0.0287,5.476162,2.9097,
15895.0,250.08,-22.22,161.78,1.005,6.721626,8.5328,
15919.0,250.98,-22.27,158.83,1.139,7.091193,8.0399,
15943.0,252.15,-22.13,156.5,1.3543,7.680794,11.8684,
15967.0,253.68,-21.4,154.51,0.6939,8.810604,10.4231,
15990.0,255.0,-20.99,152.52,0.67,9.370884,12.9404,
16015.0,256.05,-20.87,151.3,1.0433,9.429585,12.8877,
16038.0,257.16,-20.67,150.42,0.8279,9.514007,12.9595,
16062.0,258.29,-20.49,150.25,0.8806,9.579456,13.1222,
16087.0,259.72,-20.11,149.45,0.804,10.002551,13.0409,
16110.0,261.01,-19.82,149.03,0.67,10.174196,13.0552,
16135.0,262.33,-19.53,148.71,0.6413,10.313847,12.7011,
16158.0,263.51,-19.35,149.04,0.3972,10.135162,12.6102,
16182.0,265.0,-18.95,148.69,0.2297,10.455786,12.1268,
16206.0,266.39,-18.69,148.63,0.4642,10.624228,12.1843,
16230.0,267.8,-18.49,148.73,0.4642,10.684415,11.3659,
16254.0,269.32,-18.24,148.53,0.4738,10.874023,11.7296,
16278.0,270.85,-18.1,148.44,0.6365,10.920241,10.2556,
16302.0,272.47,-18.06,148.16,0.8806,10.983367,9.3177,
16326.0,274.11,-18.13,147.69,1.0433,11.03444,7.9202,
16350.0,275.74,-18.31,147.25,0.9332,10.987566,6.944,
16374.0,277.44,-18.52,146.67,0.7944,10.934369,6.1831,
16398.0,278.98,-18.87,146.71,0.6221,10.749152,5.1446,
16421.0,280.69,-19.16,146.47,0.4977,10.650407,5.0058,
16446.0,282.37,-19.46,146.29,0.3685,10.544786,4.8144,
16470.0,283.66,-19.81,147.47,0.0861,10.167858,5.9486,
16493.0,284.79,-20.21,149.76,0.0861,9.737212,6.3553,
16518.0,286.28,-20.53,151.3,0.1292,9.662611,7.858,
16541.0,287.77,-20.95,153.05,0.3637,9.550489,8.7529,
16565.0,289.56,-21.24,154.05,0.3637,9.6836,9.9015,
16589.0,291.37,-21.61,155.02,0.5695,9.822061,11.0596,
16613.0,293.16,-22.08,156.09,0.6796,9.892594,11.3133,
16637.0,295.04,-22.58,157.07,0.7274,10.044135,11.7488,
16661.0,296.98,-23.08,157.86,0.7131,10.259481,11.6195,
16685.0,298.95,-23.65,158.53,0.6796,10.442763,11.9833,
16709.0,300.95,-24.22,158.95,0.5073,10.629257,10.8778,
16733.0,302.99,-24.82,159.21,0.3924,10.785131,10.4471,
16757.0,304.91,-25.54,159.7,0.3254,10.807698,10.8921,
16781.0,307.07,-26.21,159.77,0.3589,10.990719,9.8393,
16804.0,309.08,-27.05,160.02,0.4211,11.022397,10.0259,
16829.0,311.23,-27.89,159.95,0.5025,11.156187,9.7723,
16852.0,313.32,-28.84,160.01,0.4403,11.173708,10.1886,
16876.0,315.46,-29.84,160.0,0.402,11.202877,9.667,
16901.0,317.61,-30.9,160.15,0.3254,11.205199,9.9541,
16924.0,319.85,-31.99,160.25,0.2536,11.244619,9.6861,
16948.0,322.05,-33.16,160.68,0.1675,11.209747,10.1982,
16972.0,324.3,-34.4,161.24,0.2632,11.205643,9.9733,
16996.0,326.54,-35.73,162.23,0.134,11.144999,10.2796,
17019.0,329.2,-37.01,163.03,0.4307,11.311998,9.7149,
17044.0,332.0,-38.32,163.78,0.3829,11.504889,9.5186,
17068.0,335.02,-39.57,164.22,0.4211,11.79813,9.4516,
17091.0,338.12,-40.99,164.62,0.5456,11.989307,9.1597,
17116.0,341.52,-42.28,164.88,0.3924,12.252767,8.3797,
17139.0,345.33,-43.39,164.68,0.7178,12.644939,7.5757,
17164.0,349.34,-44.41,164.26,0.5743,13.029956,7.1498,
17187.0,353.58,-45.28,163.42,0.536,13.3736,6.0826,
17211.0,357.94,-46.06,162.64,0.4834,13.68814,5.8098,
17235.0,2.58,-46.43,161.51,0.3111,14.042056,4.5799,
17259.0,6.98,-47.23,160.77,0.2824,14.0126705,3.9434,
17283.0,11.76,-47.06,160.75,0.2106,13.873754,0.9906,
17306.0,15.24,-45.2,163.33,0.134,13.625258,-1.0241,
17331.0,14.32,-43.69,173.34,0.0239,12.781873,-4.7139,
17354.0,14.47,-41.4,-174.33,-0.1531,11.651465,-16.5775,
17378.0,14.91,-39.02,-160.08,-0.1292,10.158399,-26.7183,
17402.0,15.89,-36.74,-142.86,-0.6891,9.056319,-39.204,
17426.0,16.83,-35.86,-128.36,0.3063,12.029357,-39.204,
17451.0,16.47,-36.54,-117.94,0.3876,12.769291,-1.407,
17474.0,16.3,-35.92,-110.59,1.4405,13.232801,-17.4532,
17498.0,14.02,-36.77,-102.93,0.8806,16.529001,6.4223,
17522.0,10.33,-34.31,-98.87,-0.9093,14.128001,6.9248,
17546.0,6.12,-33.69,-93.29,-0.1723,13.768901,7.7192,
17569.0,3.66,-31.25,-89.77,-0.0718,11.3079605,5.001,
17593.0,0.78,-31.44,-82.72,-0.4116,12.085585,6.5611,
17617.0,358.27,-29.09,-78.57,-0.4929,11.309546,4.733,
17641.0,356.93,-26.88,-76.71,-0.1531,9.963612,1.6128,
17665.0,355.05,-24.93,-73.52,-0.0287,9.316501,5.1254,
17689.0,354.13,-22.99,-71.97,-0.5264,7.7540007,1.608,
17713.0,352.35,-21.48,-67.76,0.4786,7.2283106,9.8584,
17736.0,351.95,-20.03,-67.58,0.3254,5.9684296,-1.718,
17761.0,350.63,-18.57,-64.49,0.1819,5.221697,11.7727,
17784.0,350.32,-17.4,-64.26,0.4068,4.731017,-0.7896,
17808.0,349.17,-16.12,-62.07,0.2776,4.4205256,8.9444,
17832.0,348.55,-14.82,-61.69,-0.1531,3.928603,3.7376,
17856.0,347.82,-13.73,-60.71,0.5168,3.2939627,7.2455,
17880.0,347.23,-12.68,-60.22,0.3302,2.8476963,5.4843,
17903.0,346.88,-11.78,-60.67,0.4546,1.9655766,1.6702,
17928.0,346.37,-10.95,-60.27,0.7322,1.370749,6.274,
17951.0,346.04,-10.15,-60.84,0.5503,0.5994741,1.7946,
17975.0,345.54,-9.33,-60.46,0.4068,0.14843665,5.2116,
17999.0,345.18,-8.56,-60.95,0.2393,-0.08999701,0.7896,
18023.0,344.69,-7.81,-60.52,0.3159,-0.35244724,5.7523,
18046.0,344.36,-7.11,-61.19,0.0526,-0.6628225,1.2682,
18070.0,343.85,-6.43,-60.4,0.1196,-0.57893026,5.5848,
18094.0,343.49,-5.81,-60.84,0.0957,-0.80013716,2.2588,
18118.0,343.03,-5.18,-60.46,-0.0096,-0.9657234,6.0299,
18142.0,342.62,-4.56,-60.71,-0.1819,-1.0046811,2.5842,
18165.0,342.19,-3.89,-60.46,-0.469,-0.719583,3.0389,
18189.0,341.82,-3.35,-60.62,-0.2824,-0.76353467,2.8953,
18212.0,341.55,-3.06,-62.54,0.3781,-0.9921312,-4.331,
18237.0,341.15,-2.58,-63.4,-0.2058,-0.7953881,-0.9667,
18260.0,340.67,-1.87,-63.49,-0.5121,-0.20579928,1.8281,
18284.0,340.22,-1.46,-64.13,-0.1914,-0.64521927,6.1926,
18308.0,339.83,-1.2,-65.12,0.1388,-0.46546736,0.4211,
18331.0,339.37,-0.91,-64.57,0.1579,-0.6353306,6.7238,
18356.0,338.97,-0.75,-64.92,0.402,-0.65803754,2.6465,
18379.0,338.53,-0.54,-65.03,0.2058,-0.9110538,6.6138,
18403.0,338.18,-0.37,-65.46,0.0479,-0.77266836,2.0291,
18426.0,337.78,-0.21,-65.4,0.1484,-0.7687215,4.2209,
18450.0,337.41,-0.11,-65.94,0.2824,-0.7699594,2.3833,
18475.0,337.02,0.01,-65.96,0.1962,-0.83567345,4.0534,
18498.0,336.65,0.08,-66.33,0.3159,-0.86323607,2.5938,
18522.0,336.3,0.14,-66.18,0.2728,-0.7870624,3.8046,
18545.0,335.95,0.19,-66.18,0.3254,-0.8213961,4.0343,
18569.0,335.59,0.26,-66.12,0.2345,-0.7929565,3.6658,
18593.0,335.22,0.32,-65.96,0.3254,-0.71137077,3.9577,
18617.0,334.9,0.36,-66.43,0.268,-0.66139364,2.0052,
18640.0,334.53,0.46,-66.34,0.1196,-0.6389042,4.0391,
18664.0,334.19,0.56,-66.68,0.0814,-0.6172238,2.0148,
18688.0,333.88,0.63,-66.32,0.1053,-0.5642114,4.5942,
18711.0,333.57,0.76,-66.57,-0.0766,-0.45860025,1.7228,
18736.0,333.29,0.98,-66.41,-0.6604,-1.1637102,6.6377,
18759.0,333.02,1.1,-66.84,0.1819,-1.2661391,0.7801,
18783.0,332.78,2.01,-64.12,-1.3304,-0.35142523,4.9531,
18806.0,332.56,2.24,-64.65,-0.7848,-0.9988126,4.6277,
18830.0,332.39,2.44,-61.79,-1.3113,-0.51091135,11.2798,
18854.0,332.23,4.76,-61.54,-1.4644,0.41919982,-0.0335,
18878.0,332.12,4.69,-60.81,-0.2632,0.65569985,4.532,
18902.0,332.01,4.78,-60.42,-0.7561,0.8245299,3.8764,
18925.0,331.92,4.66,-59.78,-0.2345,0.8510869,5.8289,
18949.0,331.83,4.14,-59.65,0.871,1.0582782,4.0965,
18972.0,331.66,4.0,-60.32,0.0383,0.70397043,3.7041,
18996.0,331.54,3.9,-60.36,-0.1149,0.5932734,4.2018,
19020.0,331.39,3.72,-60.93,0.2441,0.48598605,3.4026,
19044.0,331.23,3.52,-61.02,0.3876,0.42532748,4.1683,
19067.0,331.06,3.33,-61.35,0.3398,0.3927448,3.2542,
19091.0,330.85,3.18,-61.48,0.3589,0.30551034,4.1492,
19115.0,330.7,3.0,-61.39,0.3206,0.45623934,3.6897,
19138.0,330.52,2.87,-61.54,0.3159,0.33059546,4.1922,
19163.0,330.4,2.7,-61.33,0.3111,0.45057595,3.9769,
19186.0,330.2,2.6,-61.16,0.2345,0.42312834,4.3837,
19210.0,330.01,2.53,-60.92,0.1531,0.5013155,3.8907,
19233.0,329.81,2.46,-60.76,0.1531,0.44247392,4.5655,
19257.0,329.65,2.4,-60.6,0.1053,0.4828365,4.2688,
19280.0,329.49,2.34,-60.4,0.0718,0.47704285,4.6229,
19304.0,329.28,2.31,-60.13,0.0718,0.50771856,4.5846,
19329.0,329.12,2.31,-59.87,-0.0622,0.5281567,4.7617,
19352.0,328.99,2.28,-59.6,-0.0957,0.5532511,4.9053,
19376.0,328.83,2.29,-59.46,-0.1436,0.56913596,4.4554,
19399.0,328.65,2.31,-59.08,-0.1292,0.6011324,5.2403,
19423.0,328.53,2.3,-58.87,-0.1292,0.66342914,4.7665,
19446.0,328.41,2.26,-58.64,-0.0574,0.66541624,5.2499,
19470.0,328.26,2.24,-58.31,-0.0191,0.7404247,5.0967,
19493.0,328.14,2.2,-58.12,-0.0239,0.7466823,5.3264,
19518.0,328.02,2.15,-57.77,0.0574,0.84132403,5.403,
19542.0,327.89,2.09,-57.64,0.0909,0.8441916,5.403,
19565.0,327.77,2.0,-57.46,0.1579,0.8759625,5.47,
19589.0,327.66,1.91,-57.41,0.1484,0.87775624,5.3025,
19612.0,327.56,1.82,-57.24,0.1962,0.9028206,5.4939,
19636.0,327.45,1.74,-57.17,0.1962,0.9181986,5.3408,
19659.0,327.3,1.66,-57.07,0.2584,0.9392187,5.4843,
19684.0,327.19,1.59,-57.03,0.201,0.98254687,5.4939,
19707.0,327.09,1.49,-57.11,0.2536,1.0124521,5.4413,
19731.0,326.97,1.41,-57.3,0.2919,0.919247,5.3839,
19755.0,326.87,1.31,-57.33,0.2584,0.9746223,5.0345,
19778.0,326.77,1.22,-57.42,0.2967,0.97660005,5.5226,
19802.0,326.67,1.14,-57.65,0.2632,0.96642,4.8957,
19825.0,326.58,1.06,-57.81,0.3254,0.941458,5.2929,
19850.0,326.49,0.98,-58.06,0.2824,0.9314422,4.8526,
19873.0,326.38,0.87,-58.24,0.4211,0.94012797,4.9819,
19897.0,326.29,0.81,-58.57,0.2201,0.8929152,4.9196,
19920.0,326.21,0.72,-58.71,0.3206,1.0447237,4.4124,
19944.0,326.11,0.68,-59.37,0.2249,1.0722314,4.5559,
19968.0,326.0,0.66,-60.28,0.2106,0.9290183,4.2927,
19991.0,325.88,0.65,-60.81,0.1627,0.8580265,4.1922,
20016.0,325.77,0.62,-61.35,0.1866,0.9013339,3.8859,
20039.0,325.65,0.62,-62.21,0.1388,0.7790405,3.8429,
20063.0,325.55,0.61,-62.78,0.1531,0.6081965,3.9482,
20086.0,325.46,0.58,-63.08,0.1771,0.5683369,3.7424,
20110.0,325.32,0.58,-63.51,0.1388,0.54251325,3.4935,
20133.0,325.21,0.59,-63.81,0.1005,0.39628196,3.7376,
20158.0,325.12,0.55,-63.77,0.2441,0.28285378,4.2975,
20182.0,325.01,0.45,-63.97,0.4881,0.24345839,3.2973,
20205.0,324.89,0.44,-64.21,0.2106,0.07735258,3.9338,
20229.0,324.78,0.42,-64.13,0.1771,0.14608732,3.9482,
20252.0,324.66,0.44,-64.23,0.1005,0.12658863,4.0534,
20276.0,324.53,0.46,-64.11,0.1196,0.11382982,4.5272,
20300.0,324.44,0.54,-64.14,-0.2489,0.08080682,3.8859,
20324.0,324.35,0.6,-64.02,-0.1484,0.10708617,3.7232,
20347.0,324.17,0.6,-66.19,1.0576,-1.3116624,5.6566,
20371.0,324.06,0.68,-66.08,-0.2154,-1.0777062,5.8576,
20395.0,323.99,0.82,-66.56,-0.5503,-1.0647956,4.7617,
20418.0,323.93,0.82,-66.2,-0.1101,-0.95937604,4.4363,
20443.0,323.85,0.82,-66.75,-0.0383,-1.4196285,4.4985,
20466.0,323.82,0.78,-67.21,-0.0048,-1.6046257,4.4459,
20490.0,323.75,0.75,-67.51,0.0814,-1.5552931,3.5749,
20513.0,323.68,0.72,-67.6,0.1005,-1.8095138,6.2309,
20537.0,323.67,0.65,-67.88,0.1771,-1.8899623,4.1444,
20561.0,323.62,0.55,-68.01,0.3924,-2.156176,5.2834,
20585.0,323.59,0.43,-67.89,0.4068,-2.3742385,3.7902,
20609.0,323.53,0.28,-67.77,0.5743,-2.2374146,3.326,
20632.0,323.48,0.22,-67.62,0.2776,-2.3281932,3.7424,
20656.0,323.43,0.14,-67.06,0.3924,-2.5180438,2.7374,
20680.0,323.42,0.03,-65.88,0.4355,-2.5563493,3.3978,
20704.0,323.37,-0.09,-64.51,0.2824,-1.9045644,2.077,
20727.0,323.27,-0.11,-64.29,0.2919,-1.563458,2.8283,
20751.0,323.21,-0.09,-64.3,0.0909,-1.1248622,2.0674,
20774.0,323.08,-0.02,-64.81,0.1101,-1.114406,2.7613,
20799.0,322.91,0.11,-66.61,0.0335,-1.0796354,-0.2919,
20823.0,322.77,0.21,-65.92,0.1101,0.9276482,2.1488,
20846.0,322.7,0.38,-72.83,-0.4451,-1.7595166,4.6612,
20870.0,322.66,0.54,-75.68,-0.8949,-1.909565,-8.2887,
20893.0,322.64,0.56,-76.56,-0.2345,-3.0007784,10.0451,
20918.0,322.6,0.57,-78.36,-0.2536,-3.2932606,-5.872,
20941.0,322.53,0.52,-77.75,0.4307,-4.0240545,8.4467,
20965.0,322.51,0.57,-78.91,-0.2441,-3.673439,-2.723,
20988.0,322.48,0.57,-78.78,0.0431,-3.4535952,7.8389,
21013.0,322.48,0.62,-80.19,-0.1579,-2.8934557,-1.072,
21037.0,322.45,0.65,-80.42,-0.0622,-2.6157002,5.9629,
21060.0,322.5,0.66,-80.12,-0.0766,-1.7995702,4.0917,
21084.0,322.62,0.56,-81.23,0.0526,-0.80041313,2.5603,
21107.0,322.85,0.42,-84.97,0.0574,-0.07584181,1.9813,
21131.0,323.13,0.39,-93.63,-0.0766,1.6798425,-5.9964,
21154.0,323.73,0.35,-106.9,-0.1244,2.5004683,-10.1934,
21179.0,324.61,0.26,-121.75,0.2871,3.2658315,-19.0564,
21202.0,325.87,0.26,-135.18,-0.0479,2.5649083,-17.1135,
21226.0,327.48,0.27,-147.68,0.5551,3.2970273,-15.4433,
21250.0,329.07,0.27,-159.94,0.268,3.5247545,-17.75,
21274.0,330.69,0.16,-167.48,0.0287,2.970699,-9.5091,
21298.0,332.2,-0.18,-172.16,0.3733,3.094669,-4.3406,
21321.0,333.6,-0.51,179.74,0.2919,4.1705422,-3.0102,
21345.0,334.86,-1.05,175.75,0.5982,4.215198,-5.1781,
21369.0,336.0,-1.37,172.12,-0.0431,4.2994184,-3.9864,
21393.0,337.19,-2.17,164.61,0.9284,5.3395267,3.1394,
21416.0,338.48,-2.66,160.72,0.2345,6.212934,9.4229,
21440.0,339.84,-3.29,156.65,1.0098,7.516801,9.1932,
21465.0,341.24,-3.84,152.42,0.4116,8.392621,12.4714,
21488.0,342.4,-4.56,151.59,1.2682,5.184369,25.9047,
21512.0,343.64,-5.21,151.51,1.2347,7.3285623,8.7434,
21535.0,345.05,-5.95,150.23,0.8471,7.785796,16.9651,
21560.0,346.55,-6.64,148.17,0.7418,8.563887,14.2277,
21583.0,347.99,-7.42,147.76,0.5695,8.596088,13.1797,
21607.0,349.53,-8.13,146.04,0.5791,9.139529,10.1743,
21632.0,350.95,-9.0,145.88,0.4977,8.929926,13.2084,
21655.0,352.44,-9.83,145.75,0.5503,9.395953,10.8156,
21679.0,354.09,-10.66,144.83,0.8136,9.930717,13.6343,
21702.0,355.83,-11.48,143.34,0.7418,10.404826,13.4381,
21727.0,357.61,-12.44,141.63,0.9332,10.594153,12.9882,
21750.0,359.46,-13.36,139.82,0.8423,10.812888,12.548,
21774.0,1.4,-14.31,138.11,0.7609,10.950399,11.0453,
21798.0,3.42,-15.25,136.11,0.8183,11.131109,10.1504,
21822.0,5.48,-16.2,134.06,0.5791,11.197558,9.2602,
21846.0,7.65,-17.12,131.61,0.6221,11.282733,9.3272,
21869.0,9.88,-18.0,129.08,0.3733,11.26942,7.4847,
21894.0,12.22,-18.83,126.02,0.3733,11.2660475,6.4845,
21917.0,14.65,-19.69,122.63,0.4403,11.229513,5.1829,
21941.0,16.91,-20.72,119.72,0.134,10.978882,4.4267,
21965.0,19.39,-21.5,116.52,0.0909,10.852854,3.862,
21989.0,21.92,-22.31,113.27,0.1723,10.7274685,3.6275,
22012.0,24.49,-22.89,109.86,0.0144,10.621322,4.1109,
22036.0,26.77,-23.88,107.41,-0.0191,10.19654,5.6279,
22061.0,29.39,-24.43,105.04,0.0,10.123866,8.0782,
22084.0,31.91,-25.04,102.97,-0.1723,9.843109,8.6094,
22108.0,34.54,-25.3,101.05,0.1436,9.800038,11.3707,
22132.0,37.16,-25.46,98.67,0.3781,9.819175,11.72,
22156.0,39.74,-25.56,96.11,0.6891,9.851237,11.7583,
22179.0,42.25,-25.3,93.56,0.0096,10.016483,12.8782,
22203.0,44.56,-24.8,91.49,0.9045,10.420275,9.4708,
22227.0,46.86,-24.41,88.85,0.4116,10.615717,11.5095,
22251.0,49.02,-23.98,86.08,0.4738,10.751895,10.3801,
22275.0,51.02,-23.45,83.27,0.5886,10.965856,11.208,
22299.0,52.93,-22.95,80.4,0.5934,11.045,10.5045,
22323.0,54.76,-22.54,77.32,0.4834,10.96166,10.6433,
22346.0,56.32,-21.83,74.8,0.4642,11.141244,10.27,
22370.0,57.85,-21.19,72.18,0.2967,11.157869,9.8871,
22394.0,59.13,-20.46,69.84,0.3398,11.281942,9.6718,
22418.0,60.37,-19.81,67.3,0.1388,11.247169,9.5809,
22441.0,61.4,-19.08,65.17,0.201,11.348432,9.7053,
22465.0,62.41,-18.45,62.88,0.1627,11.312268,9.7914,
22490.0,63.16,-17.74,61.41,0.3398,11.502261,9.9159,
22513.0,63.88,-17.22,59.56,0.3637,11.499535,9.8393,
22537.0,64.48,-16.71,58.11,0.4211,11.554031,10.4231,
22560.0,64.9,-16.17,57.23,0.5073,11.783498,9.7627,
22585.0,65.35,-15.81,56.06,0.6987,11.821558,10.1982,
22608.0,65.57,-15.34,55.77,0.4546,12.096532,9.5139,
22632.0,65.86,-15.04,55.04,0.6843,12.171248,9.5809,
22656.0,65.94,-14.73,55.13,0.7992,12.488784,9.7627,
22680.0,66.04,-14.5,55.0,0.8136,12.661626,9.1119,
22704.0,66.0,-14.27,55.35,0.7992,12.970324,9.0114,
22727.0,66.06,-14.11,55.3,0.7513,13.055761,9.131,
22751.0,66.12,-14.01,55.62,0.67,13.020195,8.1595,
22774.0,65.98,-13.95,57.46,0.6556,13.081025,6.5755,
22798.0,65.68,-13.87,60.47,0.6843,13.293703,6.1113,
22822.0,65.32,-13.8,63.9,0.5121,13.397532,4.5511,
22846.0,64.78,-13.84,68.71,0.3924,13.34454,2.3928,
22870.0,63.64,-15.43,76.17,0.3685,12.8407755,-1.1964,
22893.0,61.81,-16.03,88.23,0.2297,12.478788,-7.657,
22917.0,59.58,-16.44,102.07,-0.0479,11.950089,-12.6054,
22941.0,56.91,-16.66,117.94,-0.3589,10.674101,-19.2574,
22965.0,53.31,-15.89,139.48,-1.2012,8.619791,-38.2373,
22989.0,50.64,-14.09,157.22,-1.5984,12.219372,-38.0076,
23013.0,48.6,-12.48,164.81,-4.2544,13.763914,-4.7569,
23036.0,45.87,-11.36,174.3,-0.5647,12.090713,-18.9942,
23060.0,44.23,-10.87,177.93,0.4259,15.039311,-5.4078,
23085.0,41.5,-10.47,-179.36,-0.4929,12.75761,-7.2168,
23108.0,39.75,-11.12,177.64,1.0816,12.938499,-0.2728,
23132.0,37.19,-11.48,178.72,-0.3159,11.570849,13.3567,
23155.0,34.6,-11.4,-177.35,-0.2584,10.868304,1.4548,
23180.0,32.21,-11.83,-174.71,-0.0766,10.264244,9.7244,
23203.0,29.69,-11.46,-170.98,-0.0622,9.60717,-3.1633,
23227.0,27.13,-11.92,-169.03,-0.1627,8.987093,9.265,
23250.0,24.45,-11.91,-165.68,-0.0622,7.4269037,0.9284,
23275.0,21.69,-12.26,-162.82,0.4786,6.1687036,8.1643,
23299.0,18.92,-12.36,-159.88,0.2536,4.8841333,2.2636,
23322.0,16.06,-12.64,-156.93,0.5121,3.30832,10.0211,
23346.0,13.24,-12.7,-153.4,0.4594,1.744128,3.259,
23370.0,10.33,-12.99,-150.42,0.7418,0.66034526,9.3799,
23394.0,7.35,-13.24,-147.26,0.6126,0.13862073,7.8676,
23417.0,4.35,-13.5,-144.06,1.1916,-0.64535135,9.5043,
23441.0,1.35,-13.63,-140.65,1.1198,-1.3121662,7.8054,
23465.0,358.45,-13.5,-137.45,0.871,-2.2037396,3.5557,
23489.0,355.5,-13.38,-133.9,0.5599,-2.5510457,6.2931,
23513.0,352.69,-13.0,-130.86,0.1675,-2.749721,1.5362,
23536.0,349.83,-12.76,-127.85,0.2201,-2.945759,5.0106,
23561.0,347.19,-12.32,-125.44,-0.1436,-2.989633,0.8901,
23584.0,344.54,-12.01,-122.09,-0.3015,-2.6989098,4.9819,
23608.0,342.01,-11.42,-119.43,-0.1866,-2.3185687,1.7611,
23632.0,339.46,-10.84,-117.93,-0.0526,-2.0097618,3.3069,
23656.0,337.17,-10.2,-117.34,0.134,-1.9165657,0.5982,
23680.0,334.94,-9.7,-115.57,0.4355,-1.840819,3.125,
23703.0,332.9,-9.1,-113.84,0.2393,-1.4955571,1.2443,
23728.0,330.92,-8.56,-111.77,0.2201,-1.2030114,3.3069,
23751.0,329.13,-7.95,-110.2,0.1531,-0.9090902,2.1105,
23775.0,327.46,-7.4,-108.17,0.3063,-0.8560912,3.2447,
23798.0,325.81,-6.69,-105.53,-0.1196,-0.29967204,2.9958,
23822.0,324.29,-5.96,-103.45,-0.2536,0.35280523,2.9958,
23846.0,322.99,-5.21,-102.29,-0.4355,0.46912467,3.8859,
23870.0,321.84,-4.53,-101.07,-0.5025,0.6259822,3.1537,
23894.0,320.79,-3.9,-99.71,-0.4786,0.6747941,3.5797,
23917.0,319.88,-3.31,-98.07,-0.4307,0.8914847,3.0772,
23941.0,319.04,-2.8,-96.41,-0.402,1.0994263,3.862,
23965.0,318.31,-2.3,-95.0,-0.3924,1.3530936,3.0293,
23989.0,317.7,-1.86,-93.73,-0.4211,1.5249243,3.6419,
24012.0,317.16,-1.49,-92.58,-0.3206,1.6259719,3.1346,
24036.0,316.69,-1.21,-91.63,-0.1771,1.6681048,3.6036,
24059.0,316.29,-0.91,-90.78,-0.3829,1.6241843,3.4074,
24084.0,315.99,-0.66,-89.73,-0.402,1.5186158,3.6945,
24108.0,315.73,-0.44,-88.63,-0.4307,1.3350643,4.5368,
24131.0,315.51,-0.13,-87.5,-0.8327,1.2038479,4.9244,
24155.0,315.34,-0.08,-86.37,0.0574,1.149883,4.1061,
24178.0,315.22,0.0,-85.93,-0.1723,0.90079474,3.2686,
24202.0,315.13,-0.02,-85.12,0.1962,0.72925526,3.9817,
24226.0,315.03,0.03,-84.43,0.0096,0.55716974,3.3021,
24250.0,314.96,0.01,-83.65,0.1819,0.37501281,4.2832,
24273.0,314.91,-0.07,-83.06,0.402,0.36230153,2.8427,
24297.0,314.88,-0.11,-82.5,0.3589,0.061801355,4.3167,
24321.0,314.87,-0.17,-82.24,0.3206,0.06844127,2.6177,
24345.0,314.88,-0.21,-81.95,0.2345,-0.11365281,4.0534,
24369.0,314.93,-0.21,-81.93,0.0718,-0.2746675,2.5172,
24392.0,314.92,-0.2,-81.32,0.1436,-0.37268072,5.1733,
24416.0,314.98,-0.17,-81.51,0.0144,-0.7308026,0.1866,
24439.0,315.04,-0.05,-80.81,-0.2919,-0.51329225,1.5649,
24464.0,315.09,0.02,-80.42,-0.1579,-0.675983,2.9815,
24487.0,315.14,0.08,-80.07,-0.134,-0.77598464,3.4074,
24511.0,315.2,0.14,-80.15,-0.1436,-0.66498613,1.3926,
24535.0,315.26,0.12,-79.89,0.1292,-0.8474375,3.8572,
24558.0,315.35,0.05,-79.98,0.1914,-0.75035375,1.3591,
24583.0,315.39,-0.01,-79.56,0.2536,-0.8878984,3.795,
24606.0,315.44,-0.09,-79.5,0.2584,-0.88534856,1.6845,
24630.0,315.49,-0.18,-79.07,0.2728,-0.75575364,2.6991,
24653.0,315.52,-0.22,-78.75,0.1771,-0.63624823,2.7565,
24677.0,315.59,-0.3,-78.82,0.2919,-0.6459434,2.0195,
24700.0,315.56,-0.37,-78.38,0.4451,-0.59867907,3.35,
24725.0,315.61,-0.43,-78.41,0.2824,-0.60064113,2.1631,
24749.0,315.62,-0.39,-78.12,0.1771,-1.073317,5.2403,
24772.0,315.67,-0.48,-78.28,1.4261,-2.3572752,1.2921,
24796.0,315.67,-0.31,-77.54,-0.6652,-2.7399578,4.0104,
24819.0,315.68,-0.24,-77.63,-0.1244,-2.016692,1.7563,
24844.0,315.72,-0.14,-77.53,-0.4259,-2.2300427,4.7952,
24867.0,315.74,-0.1,-76.23,-0.0239,-1.6252484,4.3789,
24891.0,315.74,-0.06,-75.78,0.0144,-1.5800736,3.1155,
24914.0,315.8,-0.09,-75.36,0.1244,-1.2283462,2.9815,
24938.0,315.82,-0.1,-75.25,0.0574,-0.89696157,2.6082,
24962.0,315.87,0.13,-75.56,-1.0959,-1.0959353,5.0154,
24986.0,315.93,0.03,-75.66,0.268,-0.9620318,2.8857,
25010.0,315.95,-0.1,-75.68,0.3972,-0.5634786,2.9958,
25033.0,316.05,-0.18,-76.38,0.2489,-0.76709074,1.8233,
25057.0,316.07,-0.21,-76.65,0.1244,-0.7991116,2.3689,
25080.0,316.1,-0.15,-76.25,-0.1388,-0.58674043,2.8905,
25105.0,316.16,-0.15,-75.91,-0.0574,-0.37789634,3.058,
25128.0,316.21,-0.14,-76.09,-0.0718,-0.34834665,2.4503,
25152.0,316.28,-0.16,-76.14,0.0287,-0.39066195,2.3498,
25176.0,316.3,-0.17,-76.02,0.067,-0.29043576,2.7039,
25199.0,316.32,-0.18,-76.29,0.0526,-0.2959522,2.1488,
25223.0,316.34,-0.19,-76.2,0.0335,-0.27076697,2.8475,
25247.0,316.36,-0.21,-76.22,0.0814,-0.22895029,2.2684,
25271.0,316.41,-0.26,-76.19,0.1196,-0.21237527,2.7948,
25294.0,316.39,-0.26,-76.3,0.1101,-0.22999768,2.053,
25318.0,316.4,-0.3,-76.19,0.1771,-0.18508792,2.7278,
25341.0,316.4,-0.33,-76.32,0.1579,-0.18438908,2.077,
25365.0,316.4,-0.37,-76.31,0.1914,-0.19524018,2.4455,
25390.0,316.41,-0.4,-76.31,0.1866,-0.19495617,2.144,
25413.0,316.4,-0.44,-76.21,0.201,-0.14732058,2.4742,
25437.0,316.41,-0.48,-76.14,0.1771,-0.1546985,2.5125,
25460.0,316.39,-0.51,-75.98,0.2058,-0.10965865,2.5651,
25484.0,316.38,-0.53,-75.92,0.1531,-0.08826274,2.5603,
25507.0,316.37,-0.56,-75.85,0.1819,-0.07618643,2.6417,
25532.0,316.35,-0.57,-75.76,0.1388,-0.053357735,2.6704,
25555.0,316.37,-0.6,-75.81,0.1244,0.016958069,2.4503,
25579.0,316.36,-0.59,-75.81,0.0718,0.025212327,2.68,
25603.0,316.37,-0.59,-75.85,0.0861,-0.009468902,2.479,
25626.0,316.37,-0.58,-75.73,0.0479,-0.010531976,2.7565,
25651.0,316.38,-0.56,-76.06,-0.0144,0.04498127,1.0816,
25674.0,316.39,-0.53,-76.03,-0.0526,-0.1429068,2.9145,
25698.0,316.38,-0.49,-75.48,-0.0383,0.11583388,2.2828,
25721.0,316.38,-0.51,-75.37,0.1531,-0.10067953,2.4024,
25745.0,316.34,-0.59,-74.67,0.3015,0.22465846,3.3643,
25768.0,316.4,0.42,-76.42,-1.6032,0.8893126,-2.8953,
25793.0,316.37,0.62,-75.27,-0.8662,0.8888114,8.1978,
25817.0,316.43,0.27,-74.39,0.9093,0.76585025,2.3641,
25840.0,316.41,0.27,-74.38,0.0479,-0.24403471,8.6524,
25864.0,316.47,0.19,-74.02,0.0526,-0.26519123,2.747,
25887.0,316.5,0.19,-73.67,-0.1388,-0.3794721,6.0012,
25912.0,316.55,0.11,-73.52,0.1866,-0.8618249,5.0393,
25935.0,316.58,-0.01,-73.36,0.4068,-1.1681623,4.8383,
25959.0,316.66,-0.15,-73.25,0.2728,-1.1509861,3.1585,
25982.0,316.7,-0.22,-73.05,0.1914,-1.6121774,6.2836,
26006.0,316.78,-0.32,-73.07,0.2441,-1.8248196,3.1872,
26031.0,316.84,-0.39,-72.72,0.0909,-2.0037575,4.0678,
26054.0,316.87,-0.44,-71.74,0.1005,-1.9178617,2.3593,
26078.0,316.86,-0.47,-71.04,0.0718,-1.4715755,3.3547,
26101.0,316.89,-0.44,-70.95,-0.1675,-1.1704179,1.0528,
26125.0,316.89,-0.43,-70.53,-0.0622,-1.1089861,2.8762,
26149.0,316.91,-0.49,-70.59,0.1196,-1.0771475,0.2919,
26173.0,316.93,-0.83,-69.54,3.7759,3.289217,-1.0002,
26196.0,316.78,-0.98,-74.31,1.9143,0.13666515,32.6094,
26220.0,316.93,-0.94,-74.75,-0.3111,2.4113984,-39.204,
26244.0,316.84,-0.76,-76.68,-2.7039,-0.5184213,39.1992,
26268.0,316.99,-0.8,-78.21,-0.7466,1.2312709,-29.5705,
26292.0,316.86,-1.0,-78.39,0.9476,2.1484437,10.2556,
26315.0,317.1,-0.98,-80.49,-1.1629,2.6259794,-21.8034,
26339.0,317.06,-0.83,-79.79,-0.4738,1.7861315,8.3127,
26363.0,317.2,-0.85,-81.63,0.3063,0.88334835,-14.4239,
26387.0,317.22,-0.86,-81.94,0.4259,-0.4278164,5.6136,
26411.0,317.3,-0.86,-78.97,0.0622,-0.5942647,20.3677,
26434.0,317.4,-0.96,-79.55,0.7609,-1.3973082,1.785,
26459.0,317.44,-0.97,-77.38,0.1819,-1.5740074,18.7406,
26482.0,317.57,-0.86,-80.55,-0.5456,-0.9845666,-13.4812,
26506.0,317.6,-0.91,-79.22,0.4738,-0.79911,17.4628,
26529.0,317.76,-0.9,-82.16,-0.2249,0.66088104,-11.4664,
26553.0,317.83,-0.88,-84.29,-0.0909,1.4939129,11.7966,
26577.0,318.15,-0.98,-90.69,-0.1436,3.5711818,-12.8925,
26601.0,318.52,-0.88,-100.97,-0.5695,4.9846535,-4.934,
26625.0,319.52,-0.93,-114.86,-0.2441,6.3625383,-21.1047,
26648.0,320.87,-0.86,-130.91,0.0191,7.0049047,-22.7845,
26673.0,322.54,-0.68,-145.31,0.067,5.556794,-20.5017,
26696.0,324.34,-0.54,-155.5,0.2154,5.0393047,-12.8399,
26720.0,326.13,-0.52,-163.87,0.2824,4.9525843,-10.538,
26744.0,327.8,-0.41,-173.74,-0.3541,5.4708257,-10.5858,
26768.0,329.31,-0.6,-178.09,0.0096,4.8662133,-5.4556,
26791.0,330.81,-0.84,174.42,0.1819,6.228662,-4.4267,
26815.0,332.17,-1.17,167.22,0.0431,6.429306,-8.0973,
26840.0,333.4,-1.58,163.71,-0.0861,6.0595355,1.005,
26863.0,334.64,-2.02,160.24,-0.0574,6.184252,5.2451,
26887.0,335.88,-2.7,154.93,0.7801,6.9746165,7.0875,
26910.0,337.08,-3.3,152.56,0.2967,5.866445,17.2379,
26934.0,337.96,-3.96,155.99,-0.1531,5.3553104,10.4566,
26958.0,339.0,-4.6,155.41,0.4929,5.8442893,17.8552,
26982.0,340.18,-5.24,154.36,0.4307,6.3437104,13.5051,
27005.0,341.39,-5.88,153.36,0.5647,6.7950993,15.4098,
27029.0,342.57,-6.85,153.37,1.2251,7.0161495,10.0738,
27054.0,343.66,-7.69,153.45,1.0098,7.6170845,14.6776,
27077.0,344.86,-8.51,153.17,0.9428,8.270396,13.3663,
27101.0,346.18,-9.26,152.78,0.67,8.830136,14.7063,
27125.0,347.54,-10.07,152.25,0.6843,9.146303,14.4239,
27149.0,348.85,-10.92,151.77,0.3829,9.245653,14.1177,
27172.0,350.29,-11.75,151.11,0.4116,9.550418,13.2658,
27196.0,351.73,-12.58,150.35,0.3781,9.838586,12.012,
27220.0,353.21,-13.49,149.39,0.5073,10.118517,12.615,
27244.0,354.73,-14.44,148.43,0.4355,10.268045,12.5192,
27269.0,356.3,-15.41,147.54,0.4259,10.415541,12.2369,
27292.0,357.97,-16.39,146.56,0.4451,10.604756,11.9306,
27316.0,359.71,-17.35,145.39,0.4116,10.825781,12.0742,
27340.0,1.51,-18.41,143.97,0.5216,10.940952,10.6098,
27364.0,3.41,-19.46,142.27,0.5408,11.074277,10.0307,
27387.0,5.32,-20.58,140.58,0.4451,11.073189,9.2411,
27412.0,7.33,-21.68,138.68,0.3637,11.07173,8.1978,
27436.0,9.44,-22.71,136.54,0.2824,11.079037,7.1689,
27459.0,11.68,-23.72,134.15,0.2106,11.068863,6.3218,
27483.0,13.98,-24.7,131.63,0.1819,11.029556,5.6758,
27507.0,16.37,-25.65,128.91,0.1484,10.984131,5.4221,
27531.0,18.78,-26.65,126.23,0.134,10.8896475,4.9292,
27554.0,21.37,-27.44,123.18,0.1436,10.875913,5.135,
27578.0,23.77,-28.59,120.55,0.1723,10.657771,5.738,
27602.0,26.4,-29.47,117.65,0.3015,10.570554,7.0253,
27626.0,29.05,-30.38,114.81,0.4068,10.438469,7.858,
27650.0,31.71,-31.27,111.98,0.4403,10.236792,10.0499,
27674.0,34.49,-31.97,109.29,0.5312,10.130423,10.9735,
27698.0,37.35,-32.45,106.57,0.5743,10.132791,11.8875,
27721.0,40.21,-32.67,103.82,0.4068,10.220112,11.5621,
27746.0,43.06,-32.65,101.0,0.4546,10.40925,11.7296,
27769.0,45.83,-32.47,97.97,0.3398,10.595265,11.5956,
27793.0,48.52,-32.19,94.76,0.1819,10.727269,10.7725,
27817.0,51.1,-31.8,91.52,0.1627,10.836022,10.136,
27841.0,53.57,-31.4,88.25,0.2297,10.89417,10.136,
27865.0,55.93,-30.89,85.02,0.2824,10.966133,9.9302,
27888.0,58.21,-30.52,81.71,0.3446,10.8791895,9.935,
27913.0,60.36,-29.98,78.68,0.3876,10.861721,9.9829,
27936.0,62.33,-29.32,75.92,0.3685,10.889549,9.9254,
27960.0,64.16,-28.65,73.32,0.3541,10.896404,9.7436,
27983.0,65.79,-27.9,71.14,0.402,10.968614,9.667,
28008.0,67.27,-27.13,69.07,0.3781,11.048923,9.9972,
28032.0,68.65,-26.47,67.1,0.4164,11.04798,10.0642,
28055.0,69.76,-25.59,65.93,0.3972,11.2687025,10.1982,
28079.0,70.68,-24.77,64.77,0.6748,11.541052,10.0355,
28103.0,71.6,-24.1,63.48,0.6796,11.660787,10.1599,
28127.0,72.37,-23.44,62.66,0.7418,11.825498,9.8871,
28150.0,72.96,-22.73,62.32,0.6604,12.081888,9.466,
28175.0,73.5,-22.08,61.91,0.603,12.278669,9.3129,
28198.0,73.94,-21.48,61.77,0.5695,12.458162,8.5807,
28222.0,74.18,-20.88,62.18,0.5886,12.740776,8.083,
28246.0,74.32,-20.32,62.53,0.6604,13.046338,7.724,
28269.0,74.42,-19.82,62.88,0.5408,13.279234,7.1258,
28294.0,74.54,-19.37,63.08,0.5551,13.43667,7.0588,
28317.0,74.81,-19.12,63.29,0.402,13.297934,5.7906,
28341.0,74.48,-18.65,65.69,0.5264,13.80573,5.8289,
28364.0,74.54,-18.45,66.73,0.2919,13.6607065,4.5799,
28389.0,74.38,-18.22,69.21,0.3111,13.614896,3.9051,
28412.0,74.06,-17.93,72.78,0.067,13.442057,2.0052,
28436.0,72.39,-18.02,82.27,0.1292,13.280281,-1.6989,
28460.0,70.4,-18.83,93.28,0.0383,12.689623,-6.853,
28484.0,68.03,-19.32,106.74,0.067,12.046041,-11.653,
28508.0,64.93,-19.55,124.18,-0.402,10.402017,-24.9763,
28531.0,61.2,-18.96,145.47,-0.5647,7.807815,-38.1272,
28556.0,58.77,-16.92,164.81,0.4642,11.926953,-39.204,
28579.0,56.82,-17.74,171.98,2.7852,12.166498,5.4987,
28603.0,53.6,-17.16,-176.65,1.273,10.734399,-2.6704,
28627.0,52.18,-17.0,-174.62,0.2393,14.560879,5.7141,
28651.0,49.04,-17.07,-173.25,-1.2299,12.268161,10.3753,
28675.0,46.15,-16.45,-170.98,0.737,10.466965,-12.012,
28699.0,43.05,-16.54,-166.92,0.3398,8.749218,8.0638,
28723.0,40.58,-15.34,-164.1,-0.6652,8.558546,-4.1539,
28747.0,37.6,-15.74,-161.85,0.0287,7.7461414,10.7677,
28771.0,34.54,-15.47,-159.72,-0.3015,6.1923275,-0.8231,
28794.0,31.83,-16.2,-158.42,-0.1866,6.3707647,13.261,
28819.0,28.7,-15.97,-155.64,-0.3685,4.533348,1.4836,
28843.0,25.71,-16.6,-152.66,0.2297,4.441233,11.677,
28866.0,22.54,-16.48,-149.02,0.0335,3.7017398,3.3117,
28891.0,19.28,-16.78,-145.18,0.7322,2.9586658,10.6193,
28914.0,16.01,-16.78,-141.11,0.1819,2.8268492,3.862,
28938.0,12.67,-17.01,-138.11,0.0431,2.4191542,11.3803,
28962.0,9.36,-16.9,-135.05,0.7848,1.5171988,5.6231,
28986.0,6.11,-16.75,-132.05,0.7705,0.6255189,6.0443,
29009.0,2.91,-16.64,-129.23,1.005,-0.36172295,6.1208,
29034.0,359.78,-16.58,-124.94,0.9476,-0.47592068,5.5513,
29058.0,356.51,-16.34,-121.46,1.2203,-1.2496487,11.1218,
29081.0,353.52,-15.9,-115.89,0.9141,-1.4253238,5.7284,
29106.0,350.38,-15.69,-111.04,0.9141,-1.0215914,9.8967,
29129.0,347.43,-15.09,-107.73,0.8518,-1.0602323,7.0923,
29154.0,344.52,-14.55,-104.76,0.8566,-0.916979,8.1643,
29177.0,341.86,-13.82,-102.34,0.6269,-0.8215511,4.9196,
29201.0,339.22,-13.13,-99.83,0.3924,-0.48346594,5.9725,
29224.0,336.8,-12.28,-98.04,0.1675,-0.14185934,4.0487,
29249.0,334.49,-11.39,-96.35,-0.0287,0.15697664,5.0441,
29273.0,332.38,-10.41,-94.97,-0.067,0.334039,4.5416,
29296.0,330.4,-9.5,-93.42,-0.0957,0.5225851,5.1876,
29320.0,328.63,-8.6,-91.91,-0.1149,0.6032666,5.1111,
29343.0,326.98,-7.76,-89.73,-0.1531,0.81609994,5.5992,
29368.0,325.48,-7.05,-87.32,0.067,1.17275,5.4126,
29391.0,324.16,-6.41,-85.78,0.1244,1.422915,4.8957,
29415.0,323.02,-5.71,-84.67,-0.0239,1.3183335,5.47,
29438.0,321.96,-5.02,-82.97,-0.0574,1.7343602,4.2162,
29462.0,321.07,-4.45,-81.7,0.0239,1.8704542,5.1111,
29486.0,320.21,-3.89,-80.18,-0.0144,2.0924788,4.2975,
29510.0,319.46,-3.41,-78.47,0.0,2.402371,4.8526,
29534.0,318.85,-2.95,-77.6,-0.0526,2.473584,4.7091,
29557.0,318.3,-2.53,-76.65,-0.0431,2.4716256,5.2834,
29581.0,317.83,-2.18,-75.85,-0.0144,2.414833,5.0393,
29604.0,317.45,-1.86,-74.79,-0.0814,2.4106197,5.4317,
29628.0,317.12,-1.58,-73.89,-0.067,2.3393478,5.5848,
29652.0,316.86,-1.39,-73.03,0.0622,2.313013,5.5944,
29676.0,316.65,-1.21,-72.78,0.0957,2.0897517,5.3504,
29700.0,316.47,-1.04,-72.32,0.0574,1.9505466,5.5657,
29723.0,316.31,-0.93,-71.82,0.1484,1.800852,5.9629,
29747.0,316.18,-0.82,-71.59,0.1244,1.6742667,5.2211,
29770.0,316.07,-0.71,-71.29,0.0622,1.5512501,5.4604,
29794.0,315.98,-0.58,-71.1,-0.0766,1.416125,5.269,
29818.0,315.93,-0.46,-70.89,-0.134,1.3763425,4.7282,
29842.0,315.9,-0.35,-70.69,-0.1723,1.2338183,5.5848,
29865.0,315.93,-0.28,-70.7,-0.1675,1.1199064,4.5368,
29889.0,315.92,-0.21,-70.59,-0.1005,0.98771584,5.0393,
29913.0,315.94,-0.16,-70.6,-0.0861,0.87018424,4.5942,
29936.0,315.97,-0.15,-70.54,0.0096,0.8285258,4.5511,
29961.0,315.99,-0.17,-70.66,0.1292,0.7082432,4.4267,
29984.0,316.04,-0.21,-70.68,0.1723,0.6344488,4.4459,
30008.0,316.07,-0.25,-70.83,0.2154,0.52065396,4.2257,
30031.0,316.14,-0.32,-70.88,0.2441,0.44886857,4.264,
30055.0,316.25,-0.39,-71.14,0.2058,0.29860175,4.0247,
30078.0,316.3,-0.43,-71.19,0.2249,0.21600157,4.0822,
30103.0,316.39,-0.49,-71.36,0.2584,0.18616147,3.7711,
30127.0,316.45,-0.53,-71.53,0.2632,0.055465326,3.8333,
30150.0,316.5,-0.56,-71.64,0.2297,-0.034891177,3.6945,
30174.0,316.59,-0.6,-71.74,0.2058,-0.16023202,3.7089,
30197.0,316.67,-0.61,-71.78,0.1292,-0.22901879,3.5653,
30222.0,316.77,-0.63,-71.9,0.1005,-0.31532693,3.1825,
30245.0,316.85,-0.62,-71.94,0.0526,-0.41837418,3.6084,
30269.0,316.9,-0.6,-72.07,0.0909,-0.3996067,3.0006,
30292.0,316.97,-0.62,-72.13,0.1627,-0.48608598,3.3212,
30316.0,317.05,-0.67,-72.13,0.2824,-0.4844774,2.9767,
30341.0,317.11,-0.71,-71.99,0.3159,-0.53853965,3.1537,
30364.0,317.12,-0.74,-71.76,0.3494,-0.45224568,3.0867,
30388.0,317.15,-0.77,-71.67,0.3302,-0.40138108,3.0437,
30411.0,317.21,-0.79,-71.66,0.3206,-0.36852294,2.9192,
30435.0,317.22,-0.79,-71.6,0.2776,-0.30306062,2.881,
30458.0,317.24,-0.78,-71.53,0.2489,-0.2111245,2.9192,
30483.0,317.25,-0.77,-71.49,0.2249,-0.13699204,2.9432,
30507.0,317.25,-0.73,-71.37,0.1579,-0.37416276,4.4172,
30530.0,317.24,-1.24,-72.22,2.2205,-0.7326165,-0.1579,
30554.0,317.22,-1.39,-71.37,0.2154,-0.43165478,5.3456,
30577.0,317.24,-1.27,-70.98,-1.0528,-1.3916593,9.1693,
30602.0,317.24,-1.02,-70.23,-0.6891,-2.0632832,6.0778,
30625.0,317.24,-0.59,-71.14,-0.8806,-1.4732449,-1.0481,
30649.0,317.24,-0.72,-70.82,0.6269,-1.6342205,5.3456,
30672.0,317.19,-0.78,-68.68,0.1675,-0.7884684,3.1729,
30696.0,317.2,-0.73,-67.94,-0.0096,-0.51782155,6.3171,
30721.0,317.24,-0.65,-67.89,-0.2967,-0.53361934,4.7474,
30744.0,317.2,-0.43,-66.71,-0.4211,-0.028117413,4.6325,
30768.0,317.24,-0.47,-66.99,0.1675,-0.38432562,4.4554,
30791.0,317.24,-0.49,-66.41,0.1244,-0.07321306,3.7376,
30815.0,317.27,-0.53,-66.58,0.2106,-0.20717174,4.2353,
30839.0,317.28,-0.54,-66.27,0.0718,0.03789546,3.4648,
30863.0,317.29,-0.55,-66.03,0.1196,0.048845902,4.666,
30886.0,317.3,-0.58,-65.84,0.1484,0.058221318,4.1731,
30910.0,317.31,-0.63,-65.56,0.2584,0.07048924,4.7617,
30934.0,317.32,-0.67,-65.42,0.2536,0.06717033,4.3119,
30957.0,317.33,-0.74,-65.07,0.3206,0.19722335,4.2305,
30982.0,317.32,-0.78,-64.86,0.2871,0.21521102,4.465,
31005.0,317.33,-0.85,-64.55,0.3398,0.28977996,4.4076,
31029.0,317.36,-0.91,-64.22,0.3302,0.297552,5.1254,
31052.0,317.39,-0.98,-63.91,0.3302,0.35575685,4.5942,
31076.0,317.4,-1.02,-63.5,0.3015,0.3909112,5.2116,
31099.0,317.42,-1.06,-63.21,0.2776,0.42303008,4.6947,
31123.0,317.45,-1.11,-62.71,0.2919,0.47298706,5.4843,
31148.0,317.49,-1.15,-62.43,0.2536,0.52034837,4.733,
31171.0,317.5,-1.17,-61.95,0.2489,0.56967354,5.4556,
31195.0,317.5,-1.18,-61.59,0.2201,0.6231562,5.0536,
31218.0,317.52,-1.19,-61.22,0.2249,0.63587064,5.3886,
31242.0,317.53,-1.2,-60.8,0.1866,0.7080936,5.2977,
31265.0,317.57,-1.21,-60.49,0.1866,0.7094443,5.4126,
31290.0,317.58,-1.2,-59.91,0.1579,0.81594986,5.7763,
31313.0,317.59,-1.17,-59.55,0.1149,0.82996494,5.6136,
31337.0,317.58,-1.14,-58.96,0.1196,0.93446845,5.9533,
31361.0,317.62,-1.14,-58.68,0.134,0.95960164,5.7093,
31384.0,317.65,-1.13,-58.25,0.1196,1.0281714,6.1113,
31408.0,317.68,-1.13,-58.0,0.1436,1.0750444,5.6662,
31432.0,317.74,-1.16,-57.75,0.1866,1.10718,6.1974,
31456.0,317.78,-1.18,-57.63,0.2249,1.103562,5.7571,
31479.0,317.81,-1.21,-57.26,0.2489,1.1835759,6.0969,
31503.0,317.82,-1.23,-57.14,0.268,1.1751883,5.9773,
31526.0,317.85,-1.27,-56.92,0.3063,1.1973095,6.0347,
31550.0,317.89,-1.32,-56.59,0.3254,1.2521585,6.2596,
31575.0,317.93,-1.37,-56.42,0.3398,1.2852427,6.1208,
31598.0,317.97,-1.4,-56.26,0.3015,1.2958784,6.2979,
31622.0,318.01,-1.45,-56.13,0.3159,1.3351206,5.9342,
31645.0,318.02,-1.46,-55.96,0.3063,1.3532085,6.2309,
31669.0,318.06,-1.5,-55.84,0.3206,1.3828877,5.9916,
31692.0,318.08,-1.52,-55.7,0.3206,1.411999,6.2357,
31716.0,318.09,-1.55,-55.61,0.335,1.4310192,6.1352,
31740.0,318.14,-1.59,-55.56,0.3254,1.4505273,6.2931,
31764.0,318.19,-1.61,-55.61,0.2871,1.4355446,5.9294,
31788.0,318.18,-1.61,-55.38,0.3063,1.4881002,6.3745,
31811.0,318.23,-1.62,-55.49,0.2393,1.4621801,5.9103,
31835.0,318.27,-1.63,-55.43,0.2249,1.4790522,6.1831,
31858.0,318.3,-1.61,-55.46,0.1579,1.476047,5.8959,
31883.0,318.32,-1.59,-55.47,0.1579,1.4905723,5.9294,
31906.0,318.38,-1.57,-55.57,0.1101,1.4787651,5.8624,
31930.0,318.42,-1.55,-55.67,0.1101,1.4738786,5.872,
31953.0,318.48,-1.53,-55.81,0.0718,1.4498607,5.8863,
31977.0,318.5,-1.49,-55.89,0.0957,1.4488246,5.7763,
32001.0,318.53,-1.45,-56.02,0.0957,1.4306623,5.805,
32024.0,318.59,-1.45,-56.15,0.1149,1.425806,5.7763,
32049.0,318.62,-1.43,-56.3,0.1196,1.4008554,5.7476,
32072.0,318.67,-1.42,-56.46,0.1531,1.3960999,5.5992,
32096.0,318.74,-1.43,-56.71,0.1771,1.37555,5.6088,
32119.0,318.75,-1.42,-56.51,0.1484,1.6284051,5.2546,
32143.0,318.78,-1.42,-57.1,0.1914,1.6903946,5.5705,
32166.0,318.83,-1.42,-58.35,0.2154,1.6997552,4.7521,
32191.0,318.89,-1.43,-59.94,0.2489,1.5938096,4.5559,
32215.0,318.96,-1.42,-61.41,0.2249,1.2026987,4.4028,
32238.0,319.0,-1.44,-61.42,0.2393,1.2302089,4.4746,
32262.0,319.05,-1.48,-61.44,0.2871,1.186528,4.4076,
32285.0,319.11,-1.55,-61.48,0.3924,1.1118052,4.1635,
32309.0,319.14,-1.58,-61.55,0.3302,1.0498147,4.5129,
32332.0,319.14,-1.6,-61.72,0.3781,0.9916333,4.2353,
32357.0,319.16,-1.61,-61.88,0.3159,0.94069993,4.3549,
32380.0,319.18,-1.63,-61.99,0.335,0.93937,4.398,
32404.0,319.19,-1.63,-62.13,0.3063,0.91472304,4.6469,
32428.0,319.26,-1.65,-62.46,0.268,0.83224076,4.2114,
32451.0,319.27,-1.64,-62.5,0.2393,0.8101767,4.6229,
32475.0,319.31,-1.64,-62.62,0.2441,0.800369,4.2832,
32499.0,319.29,-1.59,-62.67,0.1723,0.75517213,4.7856,
32523.0,319.31,-1.56,-62.95,0.1914,0.4412249,4.6134,
32546.0,319.31,-1.56,-62.36,0.2728,0.44964242,5.0058,
32570.0,319.31,-1.59,-61.84,0.5168,0.21027815,7.1306,
32593.0,319.23,-3.33,-61.01,0.7178,1.2620903,-0.2201,
32617.0,319.22,-3.22,-62.05,0.7609,0.034601368,5.9821,
32642.0,319.17,-3.12,-61.35,0.1771,0.41868123,4.3406,
32665.0,319.18,-2.96,-62.45,0.2584,-0.7459968,8.7912,
32689.0,319.12,-2.71,-62.48,-0.3159,-0.738977,9.2315,
32712.0,319.16,-2.48,-63.74,-0.402,-0.9858192,2.9384,
32736.0,319.14,-2.29,-64.52,-0.1771,-1.6975472,6.0778,
32760.0,319.11,-2.15,-64.48,0.0239,-1.7336725,5.5609,
32784.0,319.12,-2.11,-64.44,0.2489,-1.6264453,6.1017,
32807.0,319.09,-2.06,-64.06,0.2871,-1.7453008,8.6237,
32831.0,319.13,-2.03,-64.5,0.4642,-2.0968106,5.9773,
32855.0,319.17,-2.02,-63.86,0.2728,-2.1509194,7.5135,
32879.0,319.2,-1.99,-63.35,0.1675,-2.2953274,4.6469,
32903.0,319.23,-1.91,-62.26,0.0239,-2.2104247,5.6901,
32926.0,319.22,-1.91,-60.53,0.1388,-1.4951222,4.7426,
32950.0,319.3,-1.9,-61.09,0.201,-1.59744,3.5844,
32973.0,319.37,-1.88,-61.13,0.1531,-1.707226,3.8524,
32998.0,319.41,-1.82,-60.45,-0.0096,-1.3815534,3.1011,
33021.0,319.43,-1.72,-61.86,-0.0479,-0.77498806,-0.5982,
33045.0,319.22,-1.6,-61.19,0.2106,1.9680107,3.9529,
33069.0,319.23,-1.53,-65.06,-0.8997,-1.0462003,21.3057,
33092.0,319.23,-1.33,-65.35,-2.8044,1.2534997,-39.204,
33117.0,319.16,-1.33,-66.42,0.7131,-0.76707006,23.8325,
33140.0,319.19,-1.26,-65.44,-0.4355,-0.974253,10.5811,
33164.0,319.15,-1.35,-64.29,0.6939,-0.8218977,21.0712,
33188.0,319.24,-1.39,-62.45,0.0861,-0.6847779,14.5005,
33212.0,319.33,-1.43,-62.38,0.1819,-1.7596902,18.3194,
33235.0,319.45,-1.46,-61.61,0.1005,-2.990801,14.5005,
33259.0,319.6,-1.35,-63.85,-1.0528,-3.7341309,-10.3753,
33283.0,319.67,-1.28,-63.29,-0.4642,-4.009278,11.8923,
33307.0,319.76,-1.21,-65.34,-0.3924,-4.14827,-6.2118,
33331.0,319.75,-1.28,-63.34,0.4834,-3.6866431,22.684,
33354.0,319.84,-1.22,-65.76,-0.2201,-2.6600487,-5.8385,
33378.0,319.79,-1.27,-63.42,0.3637,-1.5863239,18.8985,
33402.0,319.93,-1.33,-66.48,0.0431,-0.8511214,-6.609,
33426.0,319.93,-1.42,-66.72,0.3972,0.6231608,11.2989,
33449.0,320.05,-1.54,-72.11,0.1101,1.8878047,-4.3645,
33473.0,320.29,-1.59,-78.98,-0.0622,3.8452842,-2.2588,
33497.0,320.85,-1.57,-94.12,-0.0718,4.345996,-18.2429,
33521.0,321.59,-1.54,-110.05,-0.1723,5.1546063,-20.1236,
33545.0,322.96,-1.32,-127.11,0.1723,5.2161956,-23.7177,
33568.0,324.53,-0.96,-143.21,-0.4499,4.9481163,-24.5982,
33592.0,326.07,-0.72,-154.74,-0.1771,3.5042148,-16.209,
33616.0,327.63,-0.38,-163.62,-0.6269,4.1180034,-7.5661,
33640.0,329.05,-0.29,-172.02,-0.3924,4.704393,-10.2365,
33664.0,330.4,-0.23,179.1,-0.2154,5.3345537,-2.8953,
33688.0,331.6,-0.75,172.68,1.0672,4.8330584,-10.1982,
33712.0,332.79,-1.14,170.25,0.0909,4.6406226,2.3593,
33735.0,333.95,-1.21,164.97,-0.6078,5.7083406,5.1254,
33759.0,335.18,-1.61,159.92,0.1101,6.6142564,6.9823,
33782.0,336.49,-2.09,155.7,0.1866,7.159671,13.8257,
33807.0,337.81,-2.83,154.24,0.8614,7.589284,8.6477,
33830.0,339.14,-3.44,151.93,0.8471,8.319065,16.0798,
33854.0,340.4,-4.17,151.5,0.9141,8.000078,12.8734,
33878.0,341.73,-4.9,150.81,0.8183,8.14418,14.3617,
33902.0,343.16,-5.69,149.42,0.8327,8.558132,8.9061,
33926.0,344.58,-6.5,148.38,0.8566,8.755059,12.7777,
33949.0,345.91,-7.36,147.72,0.6269,8.903584,12.9547,
33973.0,347.38,-8.12,146.73,0.4211,9.384695,14.3378,
33997.0,348.92,-8.92,145.83,0.5216,9.627706,15.2614,
34021.0,350.49,-9.72,144.96,0.3829,9.811955,13.8975,
34044.0,352.07,-10.59,144.15,0.5408,9.98113,13.1366,
34069.0,353.71,-11.38,143.08,0.0191,10.152527,11.6004,
34093.0,355.45,-12.25,141.68,0.3733,10.342674,10.7151,
34116.0,357.25,-13.17,139.99,0.3829,10.468827,9.2842,
34141.0,359.06,-14.15,138.32,0.3398,10.465594,8.4179,
34164.0,0.99,-15.15,136.41,0.3637,10.498095,7.2024,
34188.0,2.96,-16.24,134.45,0.4211,10.469925,5.9629,
34211.0,4.98,-17.35,132.38,0.3111,10.396233,5.1876,
34236.0,7.1,-18.47,130.24,0.3063,10.339479,4.6469,
34259.0,9.24,-19.64,128.09,0.3063,10.257292,4.3597,
34283.0,11.47,-20.74,125.91,0.2345,10.174713,4.8383,
34307.0,13.71,-21.89,123.85,0.2393,10.042962,5.3934,
34331.0,15.55,-23.23,123.22,0.1436,9.468796,7.5517,
34355.0,17.68,-24.44,122.43,0.1627,9.218606,8.4706,
34378.0,20.18,-25.29,121.16,0.402,9.388255,10.5619,
34403.0,22.75,-26.1,119.49,0.5503,9.52897,11.4281,
34426.0,25.4,-26.74,117.38,0.5838,9.749893,11.9976,
34450.0,28.02,-27.29,115.27,-0.2776,9.771654,12.7107,
34475.0,30.75,-27.76,112.98,0.9141,10.031959,11.7727,
34498.0,33.49,-27.96,110.42,0.3494,10.3480625,11.8445,
34522.0,36.18,-28.17,107.46,0.4211,10.527757,10.873,
34546.0,38.86,-28.19,104.25,0.5168,10.775141,10.672,
34570.0,41.46,-28.42,100.82,0.4259,10.724526,10.5188,
34593.0,44.05,-28.42,97.47,0.536,10.777083,9.9541,
34617.0,46.55,-28.54,94.25,0.6317,10.676985,9.7962,
34641.0,48.98,-28.38,91.13,0.4451,10.687396,9.3559,
34665.0,51.3,-28.06,88.18,0.3589,10.735046,9.2219,
34689.0,53.52,-27.63,85.2,0.2489,10.771711,9.6335,
34712.0,55.58,-27.09,82.38,0.2393,10.84826,9.667,
34737.0,57.54,-26.54,79.57,0.2584,10.882694,9.9781,
34760.0,59.33,-25.85,76.97,0.2489,10.990254,10.1934,
34784.0,60.94,-25.13,74.51,0.2728,11.121519,10.2078,
34807.0,62.45,-24.46,72.07,0.4068,11.201847,10.3705,
34832.0,63.75,-23.73,69.94,0.5408,11.374163,10.2174,
34855.0,65.0,-23.11,67.62,0.6078,11.435926,9.9685,
34879.0,66.06,-22.46,65.67,0.67,11.570484,10.1408,
34904.0,67.01,-21.81,63.73,0.6126,11.684886,9.8919,
34927.0,67.93,-21.2,61.82,0.6796,11.755298,9.9781,
34951.0,68.67,-20.61,60.18,0.7035,11.881838,9.7149,
34974.0,69.34,-20.05,58.63,0.737,11.984244,9.7244,
34999.0,69.91,-19.5,57.27,0.7035,12.11421,9.4851,
35022.0,70.42,-19.01,55.92,0.6796,12.188109,9.4612,
35046.0,70.87,-18.57,54.8,0.67,12.253188,9.3081,
35069.0,71.2,-18.11,53.95,0.6461,12.378759,9.198,
35093.0,71.5,-17.72,53.15,0.6987,12.478853,9.5521,
35118.0,71.84,-17.44,52.45,0.6556,12.425848,9.1645,
35141.0,72.07,-17.15,52.6,0.6221,12.4379635,8.662,
35165.0,71.97,-16.78,53.89,0.6604,12.816397,8.1978,
35188.0,71.98,-16.56,54.57,0.7609,12.974657,8.2074,
35213.0,71.77,-16.26,56.17,0.7992,13.390351,7.2311,
35236.0,71.55,-16.03,57.57,0.8518,13.767826,7.4847,
35260.0,71.37,-15.86,58.62,0.9045,14.051084,7.3555,
35283.0,71.27,-15.77,59.55,0.8758,14.136605,6.7717,
35308.0,71.03,-15.75,61.41,0.8423,14.2217045,6.1591,
35332.0,70.73,-15.76,64.15,0.67,14.192054,4.264,
35355.0,70.11,-15.83,68.42,0.6365,14.203658,2.5316,
35379.0,69.1,-16.02,74.95,0.4259,14.021712,0.2058,
35402.0,67.53,-17.5,84.0,0.3494,13.468411,-1.7611,
35427.0,65.4,-18.27,96.01,0.0814,12.685221,-11.0836,
35450.0,62.79,-18.7,111.93,-0.1819,11.504659,-18.0275,
35474.0,59.64,-18.49,131.09,-0.2441,9.786033,-35.1984,
35499.0,56.07,-17.0,152.12,-1.852,8.756599,-39.204,
35522.0,53.59,-15.8,164.87,4.0343,12.774639,-30.3506,
35546.0,51.05,-15.83,174.73,0.1436,11.904335,10.8251,
35570.0,49.19,-14.66,-179.12,0.9571,12.319861,-22.5882,
35594.0,47.75,-14.74,179.32,0.2345,15.351305,12.6676,
35618.0,45.08,-14.31,-178.78,0.5168,12.548354,-10.4758,
35642.0,43.06,-15.11,-175.97,0.8279,12.246718,7.1641,
35665.0,40.76,-14.04,-172.28,-0.4834,11.616326,-5.1446,
35689.0,38.29,-14.78,-170.47,1.0672,10.835053,8.0495,
35714.0,35.57,-15.15,-168.62,0.1149,9.912249,6.5085,
35737.0,32.91,-15.68,-167.17,0.134,8.976434,9.7627,
35761.0,30.12,-16.17,-165.09,0.4499,8.23805,5.9533,
35785.0,27.26,-16.22,-162.91,0.067,6.6288257,3.1059,
35809.0,24.51,-16.86,-160.38,0.3111,6.413783,6.2931,
35832.0,21.57,-16.9,-157.97,0.3206,4.871165,3.0485,
35857.0,18.69,-17.62,-155.09,0.5743,4.7510085,7.6857,
35880.0,15.65,-17.6,-152.06,0.5025,3.1880276,3.7328,
35904.0,12.59,-18.14,-148.95,0.8471,2.7198148,10.3657,
35929.0,9.49,-18.14,-145.98,0.871,1.1795334,5.5466,
35952.0,6.32,-18.53,-142.58,0.9667,0.81263,10.2556,
35976.0,3.1,-18.68,-139.21,1.3831,0.29194707,6.7238,
36000.0,359.87,-18.8,-135.74,1.2873,-0.43557766,9.9972,
36024.0,356.63,-18.8,-132.27,0.9236,-0.59741986,6.6664,
36047.0,353.37,-18.79,-129.15,0.7083,-0.5487879,7.1545,
36072.0,350.18,-18.45,-126.7,0.4068,-0.90939903,6.9105,
36096.0,347.26,-17.83,-124.07,0.2345,-0.7850591,1.9143,
36120.0,344.25,-17.45,-121.19,0.268,-0.58509314,5.9677,
36144.0,341.53,-16.76,-119.14,0.1388,-0.37210384,1.9956,
36167.0,338.75,-16.21,-116.23,0.0718,-0.37519345,7.121,
36192.0,336.33,-15.3,-113.95,-0.1579,-0.08509408,1.7324,
36215.0,333.8,-14.67,-111.47,0.2106,0.04152532,6.6138,
36239.0,331.67,-13.71,-109.56,-0.0909,0.2842128,1.809,
36263.0,329.56,-12.94,-107.34,0.1531,0.25138155,5.5801,
36287.0,327.69,-12.16,-105.23,0.2201,0.33047342,3.1777,
36311.0,325.81,-11.56,-102.82,0.3254,0.6729961,4.8191,
36334.0,324.23,-10.77,-101.32,0.0909,0.7888865,3.2638,
36359.0,322.78,-10.04,-100.06,0.201,0.8309778,3.2686,
36382.0,321.44,-9.46,-98.17,0.3589,1.0569301,3.5892,
36406.0,320.28,-8.89,-96.98,0.3637,1.221047,2.6895,
36429.0,319.2,-8.38,-95.36,0.4164,1.3031924,4.2449,
36453.0,318.23,-7.96,-94.26,0.5503,1.4967631,2.723,
36477.0,317.35,-7.52,-93.15,0.6078,1.3063068,5.3025,
36501.0,316.6,-7.13,-92.17,0.4881,1.4162962,3.2351,
36525.0,315.86,-6.74,-91.32,0.5743,1.2511166,6.0395,
36548.0,315.32,-6.41,-90.85,0.5886,1.136435,3.6227,
36572.0,314.78,-6.03,-89.94,0.4355,0.7724016,6.0969,
36596.0,314.3,-5.67,-88.87,0.2967,0.81949145,3.9864,
36620.0,313.92,-5.34,-88.15,0.3398,0.55319226,5.1159,
36643.0,313.59,-5.04,-87.04,0.2919,0.55280304,4.264,
36667.0,313.3,-4.78,-86.38,0.4164,0.4041028,4.8096,
36690.0,313.11,-4.52,-85.97,0.2632,0.10564256,4.3597,
36715.0,312.91,-4.26,-85.15,0.2201,-0.036631655,4.9866,
36739.0,312.67,-3.98,-84.3,0.1531,-0.13069846,5.3121,
36762.0,312.58,-3.78,-83.66,0.2201,-0.27373862,4.5272,
36786.0,312.52,-3.63,-83.02,0.2824,-0.3450448,4.4315,
36809.0,312.47,-3.52,-82.39,0.4259,-0.46235028,3.6754,
36834.0,312.46,-3.41,-81.92,0.3206,-0.51192516,3.8094,
36857.0,312.45,-3.29,-81.5,0.2441,-0.48667258,2.9719,
36881.0,312.41,-3.19,-80.81,0.2584,-0.48021534,3.9769,
36904.0,312.45,-3.12,-80.54,0.268,-0.48206383,2.747,
36928.0,312.5,-3.08,-79.95,0.2345,-0.2789074,3.1968,
36953.0,312.56,-3.07,-79.4,0.3398,-0.29227662,4.1396,
36976.0,312.52,-4.02,-78.35,3.3212,0.10534108,5.5992,
37000.0,312.44,-3.65,-76.29,-0.2441,0.56130695,7.2263,
37023.0,312.48,-3.3,-75.94,-0.2393,-0.066333674,5.5753,
37047.0,312.55,-2.49,-75.32,-2.4311,-0.28138027,2.7805,
37071.0,312.78,-4.21,-76.19,4.0247,0.19746777,-2.479,
37095.0,312.89,-3.92,-78.23,-0.5934,-0.06692898,-1.0241,
37118.0,312.79,-3.45,-77.45,-0.5408,0.52638394,4.2353,
37142.0,313.02,-3.37,-84.59,-0.0191,0.8689355,-7.7527,
37166.0,313.18,-3.46,-90.39,1.1629,0.567062,-0.9141,
37190.0,313.4,-3.39,-94.93,0.3111,-0.27028412,-2.1727,
37214.0,313.7,-3.25,-97.32,-0.0909,-0.5654257,-3.0437,
37237.0,313.95,-3.33,-97.73,0.8518,-0.7726731,-1.8042,
37261.0,314.28,-3.47,-98.73,0.7848,-0.64477575,-2.6512,
37284.0,314.52,-3.41,-98.66,0.2058,-0.77373815,-2.1631,
37309.0,314.8,-3.5,-99.04,0.3637,-0.22364433,-1.742,
37332.0,315.1,-3.43,-99.67,0.1771,-0.3760599,-2.9001,
37356.0,315.38,-3.46,-99.91,0.3254,-0.0021238686,-1.8616,
37380.0,315.64,-3.35,-100.19,0.0622,0.030528514,-2.4646,
37404.0,315.87,-3.21,-100.32,-0.0814,-0.037704352,-1.8999,
37428.0,316.07,-3.1,-100.56,0.0383,-0.06944388,-2.7374,
37451.0,316.24,-2.94,-100.94,-0.1196,0.15228051,-1.9143,
37475.0,316.43,-2.8,-101.09,-0.1149,0.045072477,-2.8187,
37499.0,316.7,-2.54,-101.36,-0.4834,0.28453523,-1.9334,
37523.0,316.86,-2.38,-101.59,-0.2106,0.1411217,-2.5364,
37547.0,317.01,-2.18,-101.81,-0.3063,0.33508953,-2.1631,
37570.0,317.21,-2.03,-101.94,-0.3159,0.23209062,-2.278,
37595.0,317.42,-1.87,-102.23,-0.3589,0.21357153,-2.857,
37618.0,317.55,-1.71,-102.36,-0.3254,0.14760436,-2.2971,
37642.0,317.73,-1.58,-102.65,-0.2489,0.112163976,-2.8475,
37665.0,317.91,-1.47,-102.79,-0.1866,0.26020756,-1.986,
37690.0,318.06,-1.37,-103.12,-0.1771,0.2254768,-2.9192,
37713.0,318.23,-1.29,-103.2,-0.1292,0.30188915,-2.0674,
37737.0,318.34,-1.21,-103.52,-0.1101,0.32472023,-2.9384,
37761.0,318.47,-1.14,-103.63,-0.0909,0.3797282,-2.1535,
37785.0,318.6,-1.09,-103.8,-0.0383,0.2574254,-2.9049,
37809.0,318.71,-1.03,-103.87,-0.0383,0.34931287,-2.1392,
37832.0,318.83,-1.01,-104.1,0.0431,0.20804156,-3.0006,
