18156,179.42,-2.64,-4.40,0.0431,-8.2074,4.9101
18214,179.09,-5.19,-8.28,0.0239,-9.1262,4.2544
18273,178.98,-7.60,-11.89,0.0335,-9.8441,3.9003
18332,179.06,-9.89,-14.91,0.0766,-9.6957,3.8907
18391,179.32,-11.94,-17.75,0.1244,-9.5761,3.7950
18450,179.74,-13.83,-20.50,0.2824,-9.6383,3.4792
18508,180.25,-15.49,-23.09,0.1436,-9.4756,3.4696
18568,180.84,-16.98,-25.53,0.4068,-9.3607,3.3547
18626,181.49,-18.22,-27.82,0.1866,-9.3224,3.3356
18684,182.14,-19.26,-29.90,0.0383,-9.8154,3.9242
18744,182.78,-20.07,-31.76,0.0144,-9.8584,4.1396
18802,183.42,-20.82,-33.52,0.0239,-9.3799,3.8381
18862,184.10,-21.51,-35.23,0.0287,-9.2937,3.4217
18920,184.77,-22.07,-36.82,0.0000,-9.3559,3.3260
18979,185.39,-22.56,-38.15,0.0909,-9.2937,3.6323
19038,185.98,-22.99,-39.42,0.1101,-9.7149,3.9864
19097,186.58,-23.47,-40.59,0.1962,-9.5186,3.7854
19155,187.17,-23.88,-41.68,0.2441,-9.4086,3.5844
19215,187.71,-24.23,-42.57,0.2201,-9.1454,3.8716
19273,188.22,-24.59,-43.36,0.1723,-9.2985,4.1539
19333,188.77,-24.90,-44.14,0.1196,-9.4708,3.8381
19391,189.34,-25.18,-44.97,0.0287,-9.5091,3.5462
19449,189.84,-25.39,-45.57,0.0718,-9.3512,4.0295
19509,190.32,-25.61,-46.18,0.0814,-9.3559,4.1587
19567,190.79,-25.82,-46.85,0.1053,-9.3942,4.1539
19627,191.28,-26.04,-47.51,0.1292,-9.5617,4.0008
19685,191.79,-26.22,-48.22,0.0909,-9.7436,3.8477
19744,192.34,-26.39,-48.98,0.0479,-9.8441,3.4552
19803,192.88,-26.56,-49.73,0.0096,-9.6383,3.3165
19862,193.43,-26.78,-50.38,0.1436,-9.5904,3.3643
19920,193.99,-27.02,-51.02,0.1866,-9.7196,3.2112
19980,194.57,-27.24,-51.64,0.2201,-9.6861,3.0437
20038,195.13,-27.47,-52.19,0.2106,-9.5856,3.0867
20098,195.70,-27.69,-52.61,0.1962,-9.6000,3.1442
20156,196.22,-27.87,-52.93,0.1627,-9.7053,3.4600
20214,196.73,-28.04,-53.16,0.1196,-9.5665,3.6419
20274,197.23,-28.23,-53.45,0.1531,-9.4325,3.5701
20332,197.75,-28.37,-53.78,0.0622,-9.4181,3.3835
20391,198.26,-28.43,-54.14,0.0479,-9.3368,3.3212
20450,198.85,-28.48,-54.66,-0.0383,-9.6048,2.8522
20509,199.50,-28.57,-55.16,-0.1196,-11.6770,2.8475
20568,200.12,-28.65,-55.29,-0.0670,-10.2269,2.7135
20627,200.50,-28.61,-57.38,-0.2201,-16.5679,6.9823
20685,200.82,-28.69,-57.35,-0.4355,-15.1992,7.3795
20745,201.57,-28.92,-59.07,0.1005,-12.8542,1.9190
20803,202.15,-29.05,-59.62,0.1771,-19.8221,5.2786
20862,202.67,-29.13,-59.96,-0.0048,-16.8215,5.0919
20921,203.18,-29.17,-60.12,-0.0239,-12.9739,3.8907
20980,204.01,-29.23,-60.50,-0.3063,-15.1705,1.2299
21039,204.97,-29.34,-61.12,-0.1723,-11.8684,-0.2776
21098,205.91,-29.44,-61.74,-0.0096,-13.4285,0.0574
21156,206.53,-29.40,-62.71,-0.0144,-10.8826,2.3019
21216,206.93,-29.32,-65.96,0.2106,-9.3177,2.5412
21274,207.98,-29.62,-72.94,0.3254,-7.8389,-1.5649
21334,210.08,-31.09,-84.90,0.1723,-5.2738,-7.3843
21392,213.18,-33.47,-97.60,0.2967,0.8614,-11.3850
21451,216.68,-33.65,-108.30,0.0383,0.6413,-7.6810
21510,220.01,-31.90,-117.36,-0.2441,-0.4546,-4.1061
21569,221.19,-29.05,-123.34,0.2967,-11.2223,-1.9286
21627,223.79,-28.87,-130.30,0.2010,2.0865,0.4786
21687,225.48,-28.64,-133.40,0.2154,3.9386,5.8337
21745,227.25,-28.53,-134.53,0.3446,4.5368,8.9874
21805,228.33,-28.02,-133.16,0.4259,-2.4455,10.8682
21863,230.18,-28.01,-130.72,0.7753,6.0873,12.5815
21922,231.47,-27.78,-128.48,0.2871,-0.1771,9.9302
21982,232.72,-27.53,-125.50,0.4116,-1.0528,9.1932
22040,234.17,-27.62,-122.67,0.7131,1.5075,10.3992
22099,235.49,-27.63,-119.93,0.6413,0.2824,10.8203
22158,236.80,-27.74,-116.88,0.5647,0.3781,10.4806
22217,237.99,-27.47,-112.85,0.1914,-2.4503,10.9591
22276,239.35,-27.51,-107.71,0.2058,0.6126,10.2748
22335,240.76,-27.51,-101.06,0.0670,1.1773,7.9777
22393,242.29,-26.45,-92.33,-0.1484,-1.5410,2.9575
22453,246.77,-25.68,-86.43,-0.2345,-1.4070,-7.7192
22511,251.52,-26.68,-74.93,-1.9286,-7.0445,-32.2026
22571,254.98,-28.75,-69.35,-0.6173,-1.1055,-5.7619
22629,255.07,-30.88,-61.37,-1.0289,8.1021,-0.3733
22688,256.12,-30.48,-60.86,0.4881,-4.5368,0.1436
22747,256.96,-29.58,-62.04,-0.4546,-12.2225,1.5314
22806,257.58,-28.65,-64.04,-0.6508,-13.7348,2.9958
22864,258.09,-27.95,-64.46,-0.2584,-11.3324,3.8477
22924,258.74,-27.33,-65.11,-0.3302,-12.1890,3.1011
22982,259.44,-26.80,-65.84,-0.1388,-11.7535,2.5555
23042,260.34,-26.41,-66.95,0.1340,-10.4327,0.6365
23101,261.41,-26.13,-68.57,0.2106,-11.7631,-0.6413
23159,262.48,-25.76,-70.13,-0.1771,-11.8540,-0.8279
23219,263.46,-25.31,-71.65,-0.3350,-13.1797,-0.0096
23277,264.30,-24.86,-72.67,-0.4211,-11.0883,1.2826
23336,265.23,-24.50,-73.84,-0.2680,-11.7727,0.8853
23395,266.28,-24.27,-75.23,0.0144,-11.7153,-0.2010
23454,267.37,-24.06,-76.61,0.0526,-11.1506,-0.3972
23513,268.52,-23.85,-77.97,0.0670,-11.4233,-0.6221
23572,269.64,-23.55,-79.21,-0.1914,-10.9543,-0.4020
23630,270.73,-23.22,-80.25,-0.2393,-10.8060,-0.0861
23690,271.85,-22.96,-81.16,-0.1579,-10.7294,-0.0335
23748,273.17,-22.90,-82.39,1.3065,-16.0367,-2.6321
23808,274.05,-22.33,-82.09,-2.0530,-14.4191,1.8808
23867,275.12,-22.06,-83.25,0.5168,-19.9753,-1.6128
23925,276.08,-21.72,-83.81,0.0574,-16.4387,0.5408
23985,276.92,-21.34,-84.43,-0.0574,-13.2610,1.1821
24043,277.75,-20.92,-84.83,-0.3446,-17.2140,1.1725
24102,278.53,-20.47,-85.19,-0.3876,-16.0415,0.9476
24161,279.40,-20.01,-84.95,-0.6604,-17.7117,-0.4211
24220,280.19,-19.51,-84.99,-0.2441,-11.2606,-0.9619
24279,280.88,-19.07,-84.34,0.0431,-13.5338,0.1005
24338,281.38,-18.56,-84.14,-0.0287,-14.4526,1.7803
24396,281.30,-18.15,-83.01,-0.2106,-3.9194,3.5797
24456,281.04,-18.08,-84.27,-0.0191,-1.1677,1.9047
24514,282.83,-18.89,-95.83,0.0096,0.5886,-6.5994
24573,285.63,-18.71,-110.36,-0.1005,-9.0305,-12.0550
24632,288.84,-18.01,-124.12,-0.2776,2.0483,-15.2710
24691,290.84,-16.62,-131.23,0.2680,-1.3256,-3.4265
24750,291.36,-15.23,-133.24,0.2489,-12.7107,-0.8327
24809,291.44,-14.43,-134.69,0.0479,-2.2301,1.5314
24868,292.21,-14.53,-138.48,-0.1149,6.6855,6.7478
24927,292.71,-14.73,-138.65,0.3111,5.8768,15.4385
24986,293.32,-14.90,-137.00,0.5312,9.3751,17.5107
25044,293.71,-15.09,-135.46,0.1484,3.5605,15.3332
25104,294.06,-15.21,-133.30,-0.2010,2.9767,14.5244
25162,294.36,-15.40,-131.27,0.1149,2.3928,14.2899
25222,294.65,-15.76,-129.27,0.6748,2.9719,12.9308
25280,294.84,-16.13,-127.25,0.6508,1.8760,10.7294
25339,295.01,-16.54,-125.49,0.4499,1.9238,7.8485
25398,295.06,-17.00,-123.69,0.4020,0.7753,5.3121
25457,294.90,-17.35,-121.35,0.3541,-0.5599,3.5079
25516,294.79,-17.84,-119.04,0.3494,0.2345,4.0199
25575,294.48,-17.55,-116.07,0.2632,-8.6046,10.7342
25633,294.37,-18.05,-113.13,0.7753,2.4503,13.3663
25693,294.11,-18.36,-109.96,0.6987,-0.0766,11.7488
25752,293.88,-18.70,-106.25,0.5408,0.6126,9.6909
25810,293.71,-19.10,-101.61,0.6126,1.0624,8.8104
25870,293.74,-19.74,-96.03,0.6221,3.4361,7.1785
25928,293.83,-20.36,-89.22,0.4403,2.5220,5.0441
25988,294.69,-21.44,-82.90,0.4259,5.3839,1.7180
26046,297.62,-21.87,-77.73,0.2393,1.0863,-6.9248
26104,301.85,-22.47,-65.93,-1.1151,-22.2868,-33.8345
26164,302.32,-23.19,-57.01,1.3256,-0.5408,10.6863
26223,303.45,-22.32,-57.31,-1.2873,-11.3085,3.6179
26281,304.97,-21.99,-58.96,-0.4259,-22.4830,-6.9296
26341,306.32,-21.52,-61.32,-0.4116,-11.5717,-3.8142
26399,307.44,-20.93,-63.47,-0.5408,-15.1418,-3.6562
26459,308.24,-20.20,-64.60,-0.2919,-13.5625,-0.3206
26517,308.63,-19.41,-64.70,-0.0861,-12.8495,3.9386
26576,308.99,-18.60,-65.02,-0.1723,-12.2513,3.3404
26635,309.53,-17.84,-66.01,-0.1627,-12.0742,-0.1866
26694,310.31,-17.28,-67.76,-0.1914,-11.7009,-3.9577
26753,310.97,-16.55,-69.49,-0.4020,-7.7336,-2.2253
26812,311.49,-15.89,-70.97,-0.1388,-11.4712,-2.5077
26871,311.80,-15.18,-72.00,-0.0814,-9.2267,0.2680
26930,311.97,-14.44,-72.51,-0.1149,-12.3565,1.9525
26988,312.16,-13.77,-73.04,-0.0861,-10.7390,1.5458
27047,312.45,-13.16,-74.05,-0.0239,-10.9926,-0.0574
27106,312.79,-12.61,-75.29,0.0526,-10.8443,-0.8853
27165,313.09,-12.07,-76.35,0.0191,-10.7581,-0.1436
27224,313.36,-11.56,-77.39,0.0622,-10.8682,-0.0957
27283,313.60,-11.06,-78.20,0.0000,-10.7007,0.4929
27341,313.80,-10.51,-78.88,-0.2584,-10.7533,0.6078
27400,314.06,-9.96,-79.62,-0.4068,-10.4614,0.2536
27459,314.34,-9.44,-80.42,-0.4546,-10.6289,-0.2106
27517,314.64,-9.13,-81.15,-0.0048,-8.2552,-1.2682
27577,314.89,-8.78,-81.85,-0.1675,-9.9446,-0.3398
27635,315.12,-8.36,-82.01,-0.4211,-15.2088,0.5934
27694,315.37,-7.95,-82.30,-0.0622,-11.2367,-0.4020
27753,315.58,-7.68,-82.85,0.1196,-9.6814,-0.0239
27811,315.75,-7.26,-82.77,-0.3111,-10.4183,0.2489
27871,315.87,-7.00,-82.98,0.2297,-8.8917,0.1436
27929,315.99,-6.73,-83.08,0.1531,-10.1839,0.3446
27987,316.07,-6.41,-83.08,-0.0479,-9.6957,0.8375
28047,316.14,-6.07,-83.38,-0.1244,-10.2509,0.4164
28105,316.24,-5.72,-83.64,-0.2154,-10.2987,0.0335
28164,316.33,-5.33,-83.48,-0.4690,-10.4518,0.0766
28223,316.39,-5.01,-84.44,-0.2632,-16.1946,-0.1914
28281,316.45,-4.70,-84.90,-0.3494,-17.6686,0.0144
28341,316.49,-4.53,-84.50,0.0622,-17.4724,2.9336
28399,316.53,-4.27,-83.94,-0.2776,-10.9400,0.9619
28457,316.59,-4.06,-83.28,-0.1053,-12.2417,-1.5888
28517,316.59,-3.75,-82.22,-0.4020,-11.7344,0.0670
28575,316.44,-3.50,-81.39,-0.0335,-15.7735,3.0197
28634,316.20,-3.19,-80.06,-0.2536,-10.8060,4.3693
28693,315.90,-3.07,-78.77,0.1101,-2.1631,2.6847
28751,315.83,-3.24,-84.34,0.0861,4.1348,-1.3639
28811,316.55,-3.25,-100.16,-0.1914,-1.0385,-16.7928
28869,318.15,-2.81,-114.26,-0.1531,-6.5420,-16.6493
28928,318.74,-2.28,-124.87,-0.1723,-9.3177,-11.2367
28987,319.15,-2.10,-131.88,0.0096,4.7713,-1.7133
29045,319.12,-2.06,-134.90,0.0000,-0.1005,3.7424
29105,318.98,-2.33,-137.86,0.4834,2.0530,7.8724
29163,318.88,-2.62,-137.99,0.8853,2.7374,12.2034
29221,318.70,-3.06,-137.46,1.5793,0.5599,14.8451
29281,318.51,-3.45,-136.55,1.1533,2.2014,13.6917
29339,318.30,-3.85,-135.79,0.8088,3.8859,11.5573
29399,318.06,-4.26,-134.72,0.8518,3.0915,13.6199
29457,317.72,-4.70,-133.51,0.7131,1.8664,11.6100
29516,317.37,-5.19,-132.28,0.7083,1.6893,9.4325
29575,316.96,-5.75,-131.41,0.5838,1.9908,7.0684
29633,316.43,-6.25,-129.81,0.4355,-0.6652,5.3169
29692,315.85,-6.73,-128.00,0.3063,-0.4211,4.5511
29751,315.19,-6.96,-125.15,0.2489,-5.3504,7.7767
29809,314.65,-7.34,-122.24,0.3541,1.6032,12.4714
29869,314.13,-7.69,-119.86,0.1914,2.4215,12.8590
29927,313.57,-7.97,-117.51,-0.1771,2.3737,10.9448
29986,312.96,-8.18,-115.25,-0.1819,0.7992,9.8393
30045,312.34,-8.47,-112.46,0.1962,0.3159,9.1549
30103,311.71,-8.86,-109.12,0.5312,0.6556,9.7962
30162,311.22,-9.31,-105.25,0.6269,3.6084,10.6720
30221,310.75,-9.79,-100.95,0.5886,4.8239,9.8489
30280,310.37,-10.26,-96.22,0.5216,4.4172,8.2217
30339,310.11,-10.67,-90.71,0.3685,3.0437,5.8672
30397,310.63,-11.37,-84.92,0.3829,5.8146,0.2058
30456,312.50,-11.38,-77.83,0.0144,-1.2634,-11.6578
30515,315.53,-12.46,-64.42,-1.0768,14.0842,-32.8678
30574,317.33,-13.41,-58.50,0.1101,-1.9813,-18.8459
30632,318.42,-13.88,-53.75,-0.1819,-3.3260,-6.8004
30692,318.68,-13.30,-54.51,0.0814,-7.1976,2.0818
30750,318.07,-13.73,-53.66,0.4977,8.0590,4.8335
30809,318.43,-13.26,-55.12,0.1579,-12.2513,7.2168
30868,318.81,-12.96,-55.83,0.8327,-11.9833,5.2834
30926,319.36,-12.60,-57.25,0.4929,-15.9888,3.2782
30986,319.90,-12.25,-59.01,0.4642,-15.4959,0.1675
31044,320.37,-11.91,-60.61,0.7322,-14.4814,0.0335
31104,320.83,-11.42,-62.24,-0.0670,-12.4187,-1.0959
31162,321.16,-10.83,-63.58,-0.2393,-11.5143,0.0622
31220,321.41,-10.25,-64.66,-0.2871,-13.1222,1.2060
31280,321.61,-9.71,-65.70,-0.1579,-12.3278,1.4548
31338,322.05,-9.56,-68.23,0.6891,-10.4806,-6.3123
31397,322.10,-9.04,-68.94,0.0096,-12.5432,2.3833
31456,322.22,-8.56,-69.97,-0.0670,-11.8540,2.0818
31514,322.33,-8.12,-70.67,-0.0479,-11.6626,2.6656
31574,322.50,-7.64,-71.52,-0.4403,-11.1075,1.4261
31632,322.68,-7.27,-72.66,-0.0814,-10.9161,0.0096
31691,322.96,-7.17,-74.16,0.1340,-7.7432,-2.5364
31750,323.08,-6.97,-74.87,0.1340,-11.2558,0.8423
31808,323.14,-6.52,-75.38,-0.3206,-12.3326,0.7466
31867,323.25,-6.31,-76.12,0.4834,-10.1121,0.1771
31926,323.27,-6.08,-76.61,0.3685,-12.0263,0.8853
31985,323.31,-5.87,-77.10,0.3446,-9.1454,0.4307
32044,323.37,-5.61,-78.13,0.1866,-10.4997,-0.3924
32102,323.43,-5.42,-78.75,0.3159,-10.3849,-0.6078
32161,323.47,-5.26,-78.85,0.3876,-9.1502,0.0814
32220,323.46,-4.91,-79.22,-0.1962,-10.1599,0.1723
32279,323.46,-4.51,-79.55,-0.4690,-9.8297,0.6269
32337,323.42,-4.10,-79.83,-0.5025,-9.8536,0.6221
32396,323.35,-3.74,-80.20,-0.3494,-10.0068,0.5073
32455,323.31,-3.50,-80.57,-0.0622,-10.0259,0.3637
32514,323.21,-3.31,-80.77,0.1723,-10.2030,0.6317
32573,323.15,-3.15,-80.97,0.1388,-9.5617,0.5360
32631,323.09,-2.99,-81.41,0.1101,-9.9446,-0.3015
32690,322.98,-2.81,-81.62,0.1244,-10.3609,0.0048
32749,322.84,-2.69,-81.43,0.3206,-14.7972,1.8377
32807,322.72,-2.54,-82.13,0.2010,-15.6060,0.0335
32866,322.61,-2.28,-82.13,-0.3972,-13.1892,1.7037
32925,322.52,-2.10,-82.23,-0.3159,-16.3669,0.3254
32984,322.44,-2.05,-82.01,0.2489,-12.6437,-0.1866
33043,322.34,-1.94,-81.26,0.0622,-13.3376,-2.0913
33101,322.10,-1.64,-80.98,-1.8616,-39.2040,38.2421
33160,322.03,-1.58,-80.68,0.0861,-22.0810,0.9380
33219,321.98,-1.42,-82.59,-0.6030,-13.3520,-22.2054
33277,321.80,-1.22,-83.62,-0.1723,-8.1260,-10.8826
33337,321.60,-0.99,-86.20,-0.2489,-7.1689,-13.3185
33395,321.31,-0.84,-91.97,-0.1771,15.6060,-1.4979
33454,322.08,-0.74,-108.96,-0.0479,-2.3880,-19.0134
33513,323.09,-0.30,-122.70,-0.2010,-21.9278,-16.8168
33571,323.32,-0.16,-132.59,0.4020,-12.9069,-10.5141
33631,323.33,-0.56,-142.08,0.9811,2.1823,-6.1256
33689,323.32,-0.76,-146.45,0.4690,6.1208,6.8339
33748,323.19,-0.88,-145.49,0.3781,-22.3394,26.4838
33807,323.01,-1.15,-145.95,0.4929,-0.7992,11.5286
33866,322.88,-1.28,-146.21,-0.1244,6.9200,11.6865
33925,322.66,-1.30,-143.69,0.3781,10.3944,15.8022
33983,322.49,-1.54,-142.94,0.2728,1.7420,14.8690
34042,322.28,-1.69,-141.60,-0.0287,-0.0144,12.8925
34101,322.05,-1.92,-140.73,0.2154,2.1679,11.8684
34160,321.80,-2.12,-139.67,0.0766,1.4788,9.7819
34219,321.53,-2.31,-138.50,0.0000,1.4118,7.7480
34277,321.23,-2.57,-137.20,0.1196,0.3924,5.2738
34336,320.89,-2.94,-135.64,0.2632,-0.0335,4.4650
34395,320.46,-3.26,-133.34,0.3637,-2.6465,7.7145
34454,320.11,-3.66,-130.98,0.6365,1.2778,11.5621
34512,319.76,-4.00,-128.75,0.5456,1.0816,12.4427
34571,319.37,-4.32,-126.74,0.2249,3.1059,11.0357
34630,318.95,-4.64,-124.64,0.2154,2.0530,9.7436
34689,318.51,-4.99,-121.85,0.4499,0.4738,9.6670
34748,318.10,-5.41,-118.32,0.5360,1.7563,9.1980
34806,317.86,-5.90,-114.82,0.7418,5.4221,8.4084
34865,317.69,-6.41,-111.99,0.7561,7.1306,7.6570
34924,317.54,-6.93,-109.32,0.7753,6.4271,7.1641
34982,317.55,-7.50,-106.19,0.8040,6.8626,5.6183
35041,317.89,-8.15,-101.50,0.5838,4.1779,1.9860
35100,319.39,-7.98,-96.18,0.0000,0.3063,-7.1880
35159,322.21,-8.10,-82.71,-0.2871,-20.5926,-33.5904
35218,323.42,-8.34,-70.96,0.1675,-5.8768,1.5123
35276,323.24,-8.83,-60.53,0.4403,17.6112,6.0203
35335,322.93,-8.45,-58.82,0.6078,-5.3551,6.5659
35394,322.79,-7.78,-58.94,-0.1101,-2.6034,1.5410
35452,322.99,-7.26,-62.18,-0.7944,-18.5204,-0.0766
35511,323.09,-6.90,-62.66,0.1005,-16.2042,4.5799
35570,323.06,-6.54,-62.07,0.0096,-11.3755,7.5709
35629,323.07,-6.18,-62.14,-0.1436,-13.3280,5.6183
35688,323.09,-5.84,-62.74,-0.0191,-14.5531,4.7426
35746,323.15,-5.47,-63.73,-0.3446,-14.1751,1.9430
35805,323.23,-5.11,-65.07,-0.4594,-12.8542,-0.4594
35864,323.27,-4.81,-66.23,-0.1292,-12.4092,0.2871
35922,323.27,-4.53,-67.05,-0.0909,-11.7344,1.5888
35982,323.24,-4.29,-67.69,0.0431,-14.1416,2.7230
36040,323.25,-4.01,-69.26,-0.1244,-13.5194,-1.6128
36099,323.22,-3.73,-70.22,-0.0718,-8.7912,1.6175
36158,323.15,-3.47,-70.34,-0.0670,-10.4710,4.4028
36216,323.14,-3.21,-70.61,-0.2489,-10.9831,3.6419
36276,323.19,-2.95,-71.55,-0.3924,-10.9304,0.8949
36334,323.24,-2.77,-72.55,-0.1388,-10.4088,-0.2249
36392,323.34,-2.68,-73.36,-0.0574,-10.6863,0.0718
36452,323.35,-2.52,-73.09,-0.5216,-11.9689,3.0676
36510,323.35,-2.45,-72.82,0.2297,-11.5621,1.5410
36570,323.39,-2.53,-73.50,0.8518,-9.7436,0.2201
36628,323.33,-2.49,-73.83,0.3015,-9.9446,0.9332
36686,323.32,-2.43,-74.79,0.4403,-10.8156,0.4164
36746,323.32,-2.33,-75.29,0.1484,-10.2317,0.8901
36804,323.31,-2.20,-75.75,0.0335,-9.3177,0.8997
36862,323.28,-2.07,-76.21,0.0239,-9.9637,1.0289
36922,323.22,-1.96,-76.58,0.1149,-9.8871,1.0337
36980,323.20,-1.89,-76.96,0.1436,-10.0690,1.0146
37039,323.13,-1.78,-77.34,0.0718,-9.9924,0.8136
37098,323.09,-1.64,-77.75,-0.1053,-9.9015,0.8423
37156,323.02,-1.42,-78.00,-0.3254,-9.7340,0.8853
37215,322.99,-1.23,-78.23,-0.3494,-9.9159,1.0576
37274,322.91,-1.09,-78.41,-0.1340,-9.8106,1.1821
37332,322.84,-1.01,-78.59,0.0191,-9.9446,1.1151
37392,322.76,-0.92,-78.70,-0.0096,-9.6957,1.3065
37450,322.71,-0.87,-78.94,0.1244,-9.9685,1.1198
37509,322.61,-0.80,-79.09,0.0622,-9.9781,1.1246
37568,322.54,-0.74,-79.32,0.0814,-9.9685,1.0720
37626,322.46,-0.70,-79.55,0.1292,-10.2891,1.2060
37685,322.39,-0.66,-79.04,0.1484,-13.8640,1.6798
37744,322.27,-0.61,-79.40,0.2632,-12.7490,1.2873
37803,322.17,-0.38,-79.89,-0.7992,-14.6776,0.8088
37862,322.08,-0.33,-80.03,0.1101,-16.5631,3.3260
37920,322.02,-0.30,-79.45,0.0287,-12.5145,3.4600
37979,322.00,-0.25,-78.75,-0.1149,-17.7117,1.2443
38038,321.90,-0.15,-79.40,-0.0861,-12.8830,-0.3781
38096,321.79,-0.01,-78.94,-0.2919,-9.7771,-0.6796
38155,321.65,0.12,-79.24,-0.2967,-15.2519,0.4977
38214,321.42,0.10,-79.23,0.8231,-13.6869,1.8377
38273,321.23,0.25,-78.94,-0.0814,-12.8686,3.9194
38332,321.11,0.37,-78.03,-0.0239,-10.2652,3.6323
38390,320.95,0.80,-77.99,-0.3111,3.0724,1.4692
38449,321.11,0.93,-86.73,-0.1531,3.6227,-3.5509
38508,322.23,1.13,-103.12,-0.3685,-8.1978,-18.5779
38566,323.40,1.36,-114.74,0.4068,-2.2397,-11.2367
38626,323.59,1.47,-123.28,0.1962,-14.2469,-6.9488
38684,323.54,1.74,-131.58,-0.3972,7.1737,-3.3308
38743,323.44,1.87,-134.91,-0.2919,4.0247,6.3601
38802,323.20,1.68,-137.13,0.5025,4.5416,11.0501
38860,322.93,1.35,-137.87,1.0816,2.9575,14.0219
38920,322.68,1.16,-137.29,0.5456,4.5464,16.3526
38978,322.40,0.94,-136.67,0.4977,3.5222,11.6387
39036,322.03,0.80,-135.45,0.2345,3.1729,14.1464
39096,321.71,0.64,-134.29,0.0144,2.3593,13.6774
39154,321.34,0.47,-133.08,0.0191,2.3019,11.7535
39214,320.94,0.22,-131.87,0.1819,1.3543,10.0881
39272,320.50,-0.06,-130.83,0.2154,1.0672,7.7049
39330,320.00,-0.39,-129.89,0.2393,0.3063,5.7141
39390,319.45,-0.79,-128.29,0.2824,-1.2873,4.8383
39448,318.90,-1.16,-126.13,0.3111,-1.7133,6.1113
39507,318.33,-1.45,-123.01,0.2584,-1.5410,9.5139
39566,317.76,-1.75,-120.80,0.2106,2.2397,12.6485
39624,317.16,-2.09,-118.47,0.3589,1.7611,11.5717
39684,316.58,-2.43,-116.09,0.4738,1.0863,10.3944
39742,315.93,-2.79,-113.69,0.4977,0.1388,9.9398
39801,315.29,-3.13,-111.06,0.4738,0.1196,9.6239
39860,314.61,-3.48,-108.35,0.4403,1.3304,9.7531
39918,313.95,-3.83,-105.44,0.4690,1.6654,10.3753
39977,313.24,-4.21,-102.48,0.5838,2.1105,10.5045
40036,312.57,-4.58,-99.53,0.6365,2.2588,10.6385
40095,311.88,-4.94,-95.31,0.7178,-0.0814,10.3705
40154,311.28,-5.31,-90.66,0.6987,0.7992,9.2411
40212,310.86,-5.76,-84.21,0.4403,4.3741,6.6233
40271,310.71,-6.25,-77.08,0.2393,4.0487,3.2064
40330,311.68,-6.51,-70.97,-0.1627,2.0148,-7.2215
40388,314.10,-6.84,-59.55,-0.6939,-11.8397,-26.8331
40448,316.36,-7.40,-50.58,-1.5745,-1.4261,-10.6098
40506,316.70,-8.40,-39.43,0.4786,18.6544,-2.5077
40565,317.03,-8.32,-38.43,0.1101,-2.0865,5.1589
40624,317.42,-8.24,-38.58,0.2154,-3.5605,5.4987
40682,318.16,-8.04,-42.43,-0.2871,-13.3998,3.2399
40741,318.89,-7.96,-44.47,-0.1723,-12.7107,1.5505
40800,319.44,-7.83,-45.92,-0.2201,-13.2371,3.4792
40858,319.85,-7.67,-47.31,-0.0622,-11.3946,5.1541
40918,320.34,-7.64,-49.51,0.4881,-17.4293,5.3216
40976,320.78,-7.55,-50.71,0.0526,-13.1510,3.7854
41035,321.19,-7.38,-52.38,-0.1819,-13.0361,2.6656
41094,321.58,-7.30,-54.02,0.2584,-13.1557,1.0672
41152,321.85,-7.04,-54.31,-0.2680,-10.1934,3.9482
41211,322.21,-6.76,-56.41,-0.2249,-14.4670,3.8237
41270,322.58,-6.55,-57.72,0.0766,-11.2654,2.0626
41328,322.92,-6.39,-58.86,0.2249,-10.7294,2.5890
41388,323.22,-6.26,-60.24,0.3924,-10.3418,1.4644
41446,323.54,-6.17,-61.53,0.4116,-10.2317,1.8377
41505,323.78,-6.04,-62.52,0.3494,-10.1599,2.7230
41564,324.01,-5.87,-63.51,0.1771,-10.8251,2.6943
41622,324.19,-5.68,-63.77,0.1101,-8.7003,2.2732
41681,324.35,-5.46,-64.44,0.0144,-9.4851,1.6750
41740,324.42,-5.27,-64.86,-0.0096,-14.3378,3.4361
41798,324.52,-5.25,-65.84,0.5168,-11.0836,1.5697
41858,324.66,-4.92,-67.12,-0.2776,-11.5286,-0.9476
41916,324.71,-4.72,-67.51,0.0622,-11.0931,1.7994
41975,324.68,-4.41,-68.01,-0.1579,-9.7579,2.1488
42034,324.64,-4.10,-68.28,-0.2058,-9.6909,2.5747
42092,324.61,-3.80,-68.53,-0.2106,-9.8249,2.4837
42151,324.55,-3.53,-68.75,-0.1675,-9.9589,2.2828
42210,324.48,-3.26,-68.88,-0.1914,-10.1216,2.4072
42268,324.40,-3.04,-68.94,-0.0526,-9.6718,2.6895
42328,324.35,-2.87,-68.82,0.0479,-9.2937,3.3452
42386,324.25,-2.70,-68.65,0.0814,-9.3559,3.5270
42444,324.21,-2.66,-68.69,0.4546,-9.6766,3.2112
42504,324.12,-2.68,-68.72,0.7178,-9.4995,3.2207
42562,324.05,-2.74,-68.77,0.8901,-9.6048,3.2255
42621,324.00,-2.67,-68.89,0.3876,-10.0164,3.3452
42680,323.90,-2.55,-68.96,0.2919,-9.5904,3.3547
42738,323.83,-2.39,-69.15,0.0479,-9.7388,3.1872
42798,323.77,-2.25,-69.33,0.0383,-9.5139,3.1633
42856,323.70,-2.11,-69.48,0.0479,-9.6574,3.2638
42914,323.66,-1.93,-69.28,-0.2489,-14.3139,3.5414
42974,323.55,-1.71,-69.29,-0.2010,-9.4851,3.5749
43032,323.46,-1.49,-69.45,-0.2824,-9.5809,3.1537
43090,323.35,-1.27,-69.65,-0.2871,-9.5713,2.8857
43150,323.27,-1.13,-69.74,-0.1292,-9.5234,3.1681
43208,323.19,-1.05,-69.80,0.0526,-9.6239,3.2064
43267,323.08,-0.97,-69.82,0.1196,-9.6048,3.2925
43326,323.01,-0.91,-69.90,0.0861,-9.5665,3.1107
43384,322.92,-0.82,-70.02,0.0287,-9.7244,2.9671
43443,322.87,-0.80,-70.13,0.1819,-9.6670,3.0724
43502,322.83,-0.86,-70.25,0.4355,-9.7053,3.0724
43560,322.77,-0.93,-70.34,0.5408,-9.6957,3.0676
43619,322.70,-0.97,-70.56,0.4929,-10.0451,3.0054
43678,322.65,-0.95,-70.78,0.2010,-9.8536,2.9240
43737,322.60,-0.90,-70.96,0.0670,-9.5569,2.9240
43795,322.58,-0.83,-71.24,-0.0670,-9.7053,2.8331
43854,322.53,-0.74,-71.56,-0.0957,-9.6383,2.5651
43913,322.50,-0.63,-71.74,-0.2345,-9.3751,2.0818
43971,322.43,-0.55,-71.89,-0.0287,-8.8678,2.3737
44030,322.42,-0.53,-73.09,0.1196,-18.9033,3.9912
44089,322.43,-0.54,-73.92,0.3206,-15.5246,3.6658
44148,322.43,-0.50,-74.50,0.0096,-13.8162,2.7374
44207,322.45,-0.48,-74.61,-0.0048,-14.6632,3.6993
44265,322.46,-0.49,-73.68,0.0335,-7.3220,1.9238
44324,322.48,-0.46,-74.19,-0.0574,-18.4726,0.4307
44383,322.42,-0.38,-74.42,-0.0335,-7.4847,0.1962
44441,322.35,-0.15,-77.66,-0.5408,-4.2401,-24.6844
44500,322.25,-0.33,-77.39,0.7131,-7.6905,3.4696
44559,322.24,-0.30,-77.97,0.2632,-31.8580,19.7216
44618,322.24,-0.25,-76.11,0.3015,-11.7679,14.6058
44677,322.27,-0.15,-78.89,0.0239,-7.1258,-0.4259
44735,322.45,0.22,-87.64,-0.4164,-2.9432,-2.2780
44794,323.55,0.30,-102.17,0.1819,-4.8048,-15.6921
44853,324.99,0.54,-113.74,0.4451,3.4839,-10.3514
44912,325.36,0.75,-121.96,0.1340,-10.1791,-6.7238
44971,325.34,1.14,-129.17,-0.2201,-0.6317,-1.8425
45030,325.17,1.76,-132.08,-1.4118,-1.5027,5.7715
45088,324.85,1.60,-135.65,0.0766,2.6417,9.4516
45147,324.52,1.41,-137.01,0.2393,5.7332,16.1228
45206,324.15,1.28,-136.05,-0.3733,-3.4696,15.3811
45264,323.75,1.31,-135.04,-1.0433,0.4451,14.3186
45324,323.31,1.24,-133.32,-0.5216,-1.1007,13.9310
45382,322.83,0.89,-131.87,0.7705,1.2826,12.8542
45441,322.34,0.46,-130.48,0.7513,0.6652,10.2365
45500,321.79,0.06,-129.31,0.3924,0.8040,6.9440
45558,321.20,-0.31,-127.98,0.1962,-0.0957,4.6421
45618,320.56,-0.74,-126.40,0.3111,-0.2584,4.7282
45676,319.85,-1.04,-124.14,0.2106,-4.9388,8.7051
45734,319.16,-1.41,-121.56,0.5264,2.2493,11.9402
45794,318.43,-1.85,-119.06,0.7801,0.8471,12.1268
45852,317.71,-2.22,-116.78,0.4451,2.2875,10.9304
45912,316.97,-2.53,-114.45,0.2584,1.0193,10.1216
45970,316.18,-2.80,-111.83,0.1244,0.3589,9.0975
46028,315.37,-3.04,-109.24,0.0335,1.0576,9.6957
46088,314.59,-3.29,-106.55,0.2058,0.8662,11.3898
46146,313.86,-3.50,-103.44,0.1484,0.5886,12.4953
46205,313.21,-3.70,-98.37,0.1340,-0.2058,10.4710
46264,312.71,-3.75,-91.33,-0.1866,-0.9858,7.9490
46322,312.60,-3.71,-82.72,-0.3063,1.9525,2.5795
46382,313.67,-3.73,-74.51,-0.1819,-2.7613,-14.2804
46440,316.33,-4.82,-55.81,-2.0435,32.5855,-39.2040
46499,317.57,-5.74,-47.43,0.2106,-5.4461,-37.7492
46558,317.81,-6.46,-42.35,0.4546,16.1037,-9.8871
46616,317.96,-6.36,-41.99,-0.0718,-3.9960,8.7482
46675,318.00,-6.40,-43.46,-0.5408,8.7434,8.1452
46734,318.53,-6.32,-44.96,-0.2489,-8.3701,13.6774
46792,319.03,-6.09,-44.89,-0.8279,-6.0778,6.7573
46852,319.72,-6.01,-47.35,-0.8423,-12.6150,-1.1629
46910,320.38,-6.19,-49.80,0.3972,-20.4443,-3.9003
46968,320.91,-6.33,-52.07,0.6317,-15.6873,-1.9334
47028,321.40,-6.29,-55.29,-0.0096,-9.0114,-2.2493
47086,321.75,-6.15,-56.52,0.0479,-14.4718,3.0485
47144,322.01,-6.04,-57.20,0.3398,-13.4668,5.1781
47204,322.14,-5.83,-56.64,0.0622,-16.4483,9.7196
47262,322.30,-5.63,-58.53,0.2967,-15.1753,7.9059
47322,322.51,-5.49,-59.56,0.2297,-14.5723,5.6375
47380,322.70,-5.42,-59.69,0.3159,-11.7727,5.8911
47438,322.97,-5.34,-60.90,0.1675,-9.2124,1.2347
47498,323.26,-5.32,-62.55,0.3494,-9.9398,-0.3924
47556,323.50,-5.28,-63.75,0.3398,-9.5091,1.1725
47614,323.71,-5.26,-64.50,0.4594,-10.2365,3.0389
47674,323.94,-5.18,-65.22,0.2728,-10.4662,3.0389
47732,324.16,-5.06,-65.60,0.3924,-10.1599,2.7900
47791,324.33,-4.71,-66.60,-0.3829,-12.9356,2.2923
47850,324.45,-4.35,-68.15,-0.5838,-7.3555,1.3783
47908,324.88,-4.28,-78.23,-0.1196,-1.3878,-10.2461
47968,325.78,-4.04,-87.10,-0.6508,-13.3089,-12.0168
48026,326.86,-3.85,-89.59,-0.6365,-6.1831,-7.5805
48084,327.85,-3.75,-92.06,-0.2106,-2.8092,-4.7330
48144,328.72,-3.65,-94.24,-0.1149,-4.5272,-4.9196
48202,329.57,-3.54,-96.60,-0.2536,-5.8433,-7.9394
48262,330.38,-3.43,-98.99,-0.2249,-6.6090,-10.2556
48320,331.03,-3.35,-101.12,-0.0526,-6.0347,-8.5663
48378,331.68,-3.30,-102.95,0.0479,-5.2307,-6.1352
48438,332.28,-3.24,-104.74,0.0861,-5.3025,-6.4271
48496,332.82,-3.16,-106.62,0.0383,-5.9103,-8.3127
48556,333.29,-3.03,-108.44,-0.1244,-5.9294,-8.3462
48614,333.71,-2.87,-110.18,-0.2106,-6.1496,-8.6572
48673,334.06,-2.70,-111.68,-0.2297,-5.9677,-7.3938
48732,334.37,-2.54,-113.01,-0.1627,-5.6423,-6.4702
48790,334.66,-2.38,-114.42,-0.1962,-5.6136,-7.1737
48849,334.94,-2.23,-115.88,-0.2249,-5.9629,-8.2552
48908,335.17,-2.07,-117.29,-0.2058,-5.9581,-8.2505
48967,335.40,-1.93,-118.55,-0.1819,-6.1735,-8.0542
49026,335.60,-1.81,-119.63,-0.1149,-5.9725,-7.1354
49084,335.75,-1.71,-120.71,-0.0574,-5.6471,-6.9727
49143,335.90,-1.62,-121.88,-0.0383,-5.6327,-7.7097
49202,336.02,-1.51,-123.00,-0.1101,-5.9103,-8.1356
49261,336.14,-1.41,-123.97,-0.1101,-6.0299,-7.6714
49319,336.27,-1.30,-124.89,-0.1484,-5.9821,-7.6522
49378,336.41,-1.18,-125.73,-0.1627,-5.7763,-7.2024
49437,336.54,-1.07,-126.64,-0.1771,-5.5035,-7.4321
49496,336.65,-0.96,-127.55,-0.1962,-5.6088,-7.9107
49554,336.80,-0.86,-128.36,-0.1962,-5.8863,-7.8915
49613,336.91,-0.77,-129.07,-0.1484,-5.8816,-7.5565
49672,336.99,-0.68,-129.73,-0.1531,-5.8481,-7.5326
49731,337.01,-0.62,-130.40,-0.0909,-5.5896,-7.4656
49789,337.09,-0.55,-131.10,-0.1053,-5.5035,-7.7097
49848,337.11,-0.48,-131.75,-0.1292,-5.6806,-7.8341
49907,337.13,-0.41,-132.29,-0.1340,-5.8768,-7.6905
49966,337.21,-0.35,-132.80,-0.1388,-5.7476,-7.5517
50025,337.24,-0.28,-133.35,-0.1579,-5.5322,-7.5996
50083,337.35,-0.21,-133.87,-0.1627,-5.5418,-7.6140
50142,337.42,-0.15,-134.37,-0.1675,-5.6279,-7.7527
50201,337.39,-0.09,-134.79,-0.1484,-5.8481,-7.6953
50259,337.50,-0.03,-135.16,-0.1436,-5.8385,-7.5805
50319,337.51,0.01,-135.56,-0.1292,-5.6231,-7.5757
50377,337.51,0.05,-135.97,-0.1292,-5.5753,-7.6762
